Año,Autoridad Portuaria,Graneles Líquidos,Graneles Sólidos,Mercancía General,Pesca Fresca,Avitua- llamiento,Tráfico Local,TOTAL TRAFICO,TEUS,Buques
2009,A Coruña,6820497,3215589,1460292,43108,93570,283941,11916997,7778,1231
2009,Alicante,114588,1111169,1260064,511,24400,3,2510735,132059,935
2009,Almería ,1502,3291672,542994,4037,117334,0,3957539,1425,1999
2009,Avilés,673268,2293135,984041,13590,35981,0,4000015,2575,700
2009,Bahía de Algeciras,20142781,1743479,42316996,2168,3375642,2329889,69910955,3043268,24852
2009,Bahía de Cádiz,120321,1636990,2078670,19762,151767,114,4007624,106399,1644
2009,Baleares,2023532,1689471,8040828,2970,170166,0,11926967,127935,7855
2009,Barcelona,11755823,3921099,26116812,2309,1184676,0,42980719,1800214,8417
2009,Bilbao,20497399,3827983,7279066,0,129415,446066,32179929,443464,3042
2009,Cartagena,16168779,3615556,729090,1145,60590,4716,20579876,58680,1387
2009,Castellón,7776762,1865858,1430457,5094,35384,0,11113555,67075,1231
2009,Ceuta ,1195410,68226,938115,110,555082,0,2756943,13464,12287
2009,Ferrol-S. Cibrao  ,2401948,9268088,562554,206,17578,1499,12251873,401,1088
2009,Gijón,1374641,12456055,666586,11229,123437,1018,14632966,27465,997
2009,Huelva,13042241,4180685,315947,2625,37160,8024,17586682,0,1547
2009,Las Palmas,4546585,753111,13734738,4104,2182173,0,21220711,1007207,9679
2009,Málaga,33596,766796,1274950,1123,101225,0,2177690,289871,1714
2009,Marín y Ría de Pontevedra,16,879867,762045,2718,38873,23,1683542,30590,542
2009,Melilla,76518,32782,713902,0,24025,0,847227,25546,1244
2009,Motril,1330089,453149,162078,2916,16769,0,1965001,948,328
2009,Pasaia,0,1649664,1818076,15868,36065,0,3519673,0,943
2009,Santa Cruz de Tenerife,8423011,848311,5741067,4647,1045156,1830,16064022,346254,15479
2009,Santander,395585,2919749,1106897,11534,52510,134,4486409,1888,1241
2009,Sevilla,203522,2421146,1876824,0,43449,0,4544941,129736,1243
2009,Tarragona,18349276,9830390,3130381,3912,213318,0,31527277,221203,3012
2009,Valencia,5766790,3523706,48217027,1828,280555,0,57789906,3653890,6806
2009,Vigo,71162,381302,3073507,88976,323339,496,3938782,193921,1995
2009,Vilagarcía,224267,488175,245798,0,7021,0,965261,16042,279
2008,A Coruña,7454675,3289608,1684461,32422,106629,280795,12848590,7918,1303
2008,Alicante,107912,1086515,1569690,707,38669,3,2803496,150827,1175
2008,Almería ,3199,4906958,701376,4661,169711,64429,5850334,630,2419
2008,Avilés,535275,3114668,1234954,11924,48628,0,4945449,7615,914
2008,Bahía de Algeciras,20506932,1588521,47519536,2102,3245254,1983369,74845714,3327616,24535
2008,Bahía de Cádiz,173740,2117801,2588765,17646,109124,0,5007076,126408,1709
2008,Baleares,2074133,2130632,9017601,2926,240781,0,13466073,176186,9620
2008,Barcelona,12105080,3506472,34933579,2698,1261416,0,51809245,2569549,9582
2008,Bilbao,23057335,5266459,9656656,0,152353,1265152,39397955,557345,3585
2008,Cartagena,20109630,4628556,910349,1201,99653,3509,25752898,46755,1330
2008,Castellón,7761371,4017009,1752431,4410,53728,0,13588949,88208,1393
2008,Ceuta ,1115082,71772,996017,95,636796,0,2819762,15488,12788
2008,Ferrol-S. Cibrao  ,2224753,9781089,824495,174,26302,3071,12859884,499,1260
2008,Gijón,1431918,16869645,901841,6196,119684,1288,19330572,26095,1176
2008,Huelva,13645908,6525092,450301,2630,39675,58270,20721876,0,1784
2008,Las Palmas,4719129,1139545,17883781,2835,2209065,0,25954355,1312120,9727
2008,Málaga,115852,1342750,3161722,1357,120713,0,4742394,428623,1821
2008,Marín y Ría de Pontevedra,0,847406,780468,3704,40915,57,1672550,29160,476
2008,Melilla,71308,34112,641060,0,23452,0,769932,21688,1245
2008,Motril,1419855,756864,193995,3057,15917,0,2389688,0,376
2008,Pasaia,0,2351378,2374212,7667,40414,0,4773671,0,1320
2008,Santa Cruz de Tenerife,9394063,1352468,6325593,5659,1069049,64585,18211417,397788,17199
2008,Santander,341656,3732466,1364723,7428,59759,0,5506032,1435,1376
2008,Sevilla,228958,2344193,2011520,0,44284,0,4628955,130452,1277
2008,Tarragona,19017185,12420882,1530751,3284,179577,0,33151679,45903,2707
2008,Valencia,5968592,5165374,48320002,1386,316867,0,59772221,3602112,6988
2008,Vigo,58169,458180,4102402,88870,355664,791,5064076,247873,2341
2008,Vilagarcía,322390,506221,304150,0,4464,50,1137275,16631,287
2007,A Coruña,8360925,4140677,1375375,31094,115413,323779,14347263,8476,1377
2007,Alicante,176280,1569601,1851741,1260,52704,0,3651586,179259,1418
2007,Almería ,7846,6065259,659901,5000,149168,0,6887174,65,2481
2007,Avilés,609006,3451464,1486220,10406,48502,0,5605598,8590,992
2007,Bahía de Algeciras,19588784,2679852,47193415,1711,3117559,2116058,74697379,3420533,26297
2007,Bahía de Cádiz,78475,4405625,2658931,21611,88868,0,7253510,143662,1799
2007,Baleares,2206536,2314781,9894345,2758,243658,0,14662078,194271,11469
2007,Barcelona,10990527,3870253,35185325,3085,1340273,0,51389463,2610100,9942
2007,Bilbao,22682180,5832384,9907939,0,152239,1439588,40014330,554558,3595
2007,Cartagena,17532087,5371083,1036389,1261,106354,168,24047342,47036,1502
2007,Castellón,7354235,3902855,1829418,5582,55742,0,13147832,101929,1452
2007,Ceuta ,1045462,75637,958181,129,563104,0,2642513,13942,14173
2007,Ferrol-S. Cibrao  ,1478064,8726704,833760,120,21667,75,11060390,8244,1265
2007,Gijón,1470211,18305091,755907,12435,234511,3972,20782127,13849,1080
2007,Huelva,13463433,7603640,716115,5166,91682,17532,21897568,0,1813
2007,Las Palmas,4673990,1615745,18217050,3856,2184122,0,26694763,1317320,9982
2007,Málaga,109375,1603906,4537741,1832,119774,2066,6374694,542405,1965
2007,Marín y Ría de Pontevedra,10,937575,970227,3644,53953,0,1965409,46548,547
2007,Melilla,68282,51655,683245,0,25814,0,828996,22148,1340
2007,Motril,1543573,973264,216237,3447,16677,0,2753198,2,431
2007,Pasaia,0,2778170,2245712,6708,43793,0,5074383,0,1453
2007,Santa Cruz de Tenerife,9585968,1716058,7448916,5613,1079023,38078,19873656,486697,18050
2007,Santander,424288,4374837,1387396,8514,66454,0,6261489,330,1506
2007,Sevilla,325214,2343706,2049057,0,47000,0,4764977,135040,1296
2007,Tarragona,20594596,13626199,1698767,3816,182826,33535,36139739,47136,2968
2007,Valencia,5543232,7322671,40389134,1076,338248,0,53594361,3042665,7287
2007,Vigo,82363,632226,4315555,89718,405714,556,5526132,244065,2427
2007,Vilagarcía,416135,570068,205178,0,7884,0,1199265,9,304
2006,A Coruña,8205047,4095639,1050589,30757,112363,312630,13807025,1355,1267
2006,Alicante,189406,1642514,1821197,2634,75389,0,3731140,172729,1431
2006,Almería ,6613,5964929,575515,7010,140111,0,6694178,192,2345
2006,Avilés,814455,3615486,1487813,14205,56636,0,5988595,9114,1008
2006,Bahía de Algeciras,20262632,2708226,43354091,1087,3053269,2329370,71708675,3256776,22293
2006,Bahía de Cádiz,73815,2699354,2987479,23535,87537,0,5871720,155370,1735
2006,Baleares,2169278,2188436,9937796,2982,246295,0,14544787,201382,11376
2006,Barcelona,10536375,4107582,31762162,3483,1247918,0,47657520,2318239,9533
2006,Bilbao,22289779,5524178,9394336,0,141482,1241053,38590828,523113,3683
2006,Cartagena,19348682,5173022,998686,1412,115331,22429,25659562,39594,1648
2006,Castellón,8120272,3590891,1546441,8584,47531,0,13313719,71660,1308
2006,Ceuta ,964503,66793,891278,138,509307,0,2432019,10623,10190
2006,Ferrol-S. Cibrao  ,936920,8709257,557720,159,23520,269,10227845,1249,1117
2006,Gijón,1356232,18298185,600585,13470,219821,0,20488293,7740,1009
2006,Huelva,13381338,7394282,684392,3019,94963,29290,21587284,0,1658
2006,Las Palmas,4833722,1678836,17207110,4868,2165264,0,25889800,1311958,9544
2006,Málaga,66448,1953430,4050136,2090,126134,0,6198238,464838,1786
2006,Marín y Ría de Pontevedra,10,891966,867099,4369,69875,582,1833901,37423,634
2006,Melilla,74447,45826,690467,0,31176,0,841916,21227,1163
2006,Motril,1422384,1172380,258962,3974,18828,0,2876528,32,471
2006,Pasaia,0,3248288,2203265,7313,45696,0,5504562,0,1547
2006,Santa Cruz de Tenerife,9542821,1986964,7333756,7456,1002766,49775,19923538,465729,17628
2006,Santander,425652,4164897,1265836,6515,65525,0,5928425,134,1541
2006,Sevilla,358727,2827598,2094739,0,58720,0,5339784,122611,1471
2006,Tarragona,18646119,11237751,1443978,4381,180891,2398,31515518,12203,2729
2006,Valencia,4355962,7148231,35781578,1576,253027,0,47540374,2612049,7045
2006,Vigo,89225,701899,3932990,91985,446725,429,5263253,226927,2308
2006,Vilagarcía,334244,613257,246416,0,10776,0,1204693,150,351
2005,A Coruña,8533758,4437796,1015276,28924,107675,411247,14534676,0,1378
2005,Alicante,151912,1667536,1674487,3754,58917,0,3556606,159237,1338
2005,Almería ,9479,6306756,535818,5583,142217,0,6999853,81,2343
2005,Avilés,740095,3082731,1125878,17000,55598,0,5021302,10851,914
2005,Bahía de Algeciras,21447071,2652263,39467683,1119,2814928,1963522,68346586,3179300,22154
2005,Bahía de Cádiz,107985,2557442,3036943,26209,84164,0,5812743,138441,1707
2005,Baleares,2030682,2318339,8678283,2954,277827,0,13308085,191332,10343
2005,Barcelona,12530921,4051927,27253997,2858,1198823,0,45038526,2071481,8853
2005,Bilbao,19684508,4261127,9291535,0,137004,726443,34100617,503805,3572
2005,Cartagena,20847754,5082060,840404,1411,131783,4589,26908001,38089,1690
2005,Castellón,8949177,3293591,1129985,7295,39427,0,13419475,43773,1177
2005,Ceuta ,611010,71229,861220,182,482243,0,2025884,10084,8506
2005,Ferrol-S. Cibrao  ,822346,8289621,566570,321,16122,9934,9704914,126,1063
2005,Gijón,1418466,19658167,489425,8462,216351,0,21790871,5048,1017
2005,Huelva,12927243,7512508,465509,1853,123419,0,21030532,0,1645
2005,Las Palmas,4792965,1772615,16203234,5764,2162083,0,24936661,1203154,10205
2005,Málaga,75928,2100473,2488241,1338,116292,0,4782272,247548,1669
2005,Marín y Ría de Pontevedra,3,1016241,833223,5040,82129,86,1936722,32128,610
2005,Melilla,74088,84427,642776,0,26065,0,827356,17150,1077
2005,Motril,1320118,1246697,194997,3383,17211,0,2782406,0,514
2005,Pasaia,0,3281138,2079354,8518,40978,0,5409988,0,1600
2005,Santa Cruz de Tenerife,9558027,1892082,7274673,3260,1028896,0,19756938,457551,18786
2005,Santander,277558,5139652,1219478,5549,58640,0,6700877,104,1629
2005,Sevilla,364271,2788885,1704237,0,47550,0,4904943,115669,1441
2005,Tarragona,17906990,11903296,1176304,4035,213033,0,31203658,8980,2784
2005,Valencia,1380287,6360690,33121028,1928,328809,0,41192742,2409821,6601
2005,Vigo,64547,692535,3495208,85787,429754,512,4768343,205497,2194
2005,Vilagarcía,365514,578235,240385,0,9499,0,1193633,0,339
2004,A Coruña,7331053,4444103,857310,25366,108049,540292,13306173,0,1335
2004,Alicante,148317,1555366,1600617,4341,50509,3,3359153,153830,1153
2004,Almería-Motril,1364053,6818594,733542,5130,174144,1,9095464,104,3088
2004,Avilés,744226,3007680,1258393,13738,61604,0,5085641,9719,981
2004,Bahía de Algeciras,21939418,2780515,36584302,2508,2650244,1785525,65742512,2937381,21253
2004,Bahía de Cádiz,69773,2222922,2888490,28821,87071,0,5297077,114528,1698
2004,Baleares,1872061,2224256,7817076,3325,254099,0,12170817,226615,9548
2004,Barcelona,11071098,3468306,24781387,3618,873921,0,40198330,1916493,8610
2004,Bilbao,18598894,5013102,8894417,3,139577,690342,33336335,468959,3710
2004,Cartagena,18757797,3854071,625346,2004,124024,1291,23364533,28109,1487
2004,Castellón,7790220,2631021,977401,8836,35076,0,11442554,35041,1039
2004,Ceuta ,548828,90432,821583,269,606264,0,2067376,8097,8286
2004,Ferrol-S. Cibrao  ,819147,8609035,456052,210,20320,26,9904790,51,951
2004,Gijón,1324318,18254573,268503,6132,198442,8498,20060466,4441,806
2004,Huelva,11295141,6340952,437274,5268,123217,6011,18207863,0,1698
2004,Las Palmas,4668397,1701833,15148487,6635,2132844,0,23658196,1215241,10891
2004,Málaga,107485,1784047,848008,1197,121898,0,2862635,91686,1539
2004,Marín y Ría de Pontevedra,5,819559,801659,6695,81175,432,1709525,30535,985
2004,Melilla,76544,50556,590240,0,25075,0,742415,17328,1032
2004,Pasaia,100157,3493817,2084997,11097,46468,0,5736536,0,1648
2004,Santa Cruz de Tenerife,8963586,1991158,7043656,3797,1040383,0,19042580,431999,19349
2004,Santander,341027,4515841,1057310,5396,56255,0,5975829,143,1566
2004,Sevilla,388592,2452005,1663376,0,37016,0,4540989,111092,1312
2004,Tarragona,18057395,10650006,933232,3812,201236,4383,29850064,17214,2602
2004,Valencia,1674914,5447451,30368369,2090,355432,0,37848256,2145236,6759
2004,Vigo,88803,686043,3459153,85735,408811,521,4729066,197269,2309
2004,Vilagarcía,292808,592001,238800,0,10421,0,1134030,0,348
2003,A Coruña,7608091,3649410,771456,24306,127902,523070,12704235,8,1282
2003,Alicante,126156,1489993,1614207,4401,64788,0,3299545,146477,1292
2003,Almería-Motril,1274680,6118173,705863,7016,164626,0,8270358,77,2990
2003,Avilés,849764,2787120,1058943,14990,60230,0,4771047,9083,901
2003,Bahía de Algeciras,21569895,2820925,32369693,5628,2534026,1616025,60916192,2517318,20724
2003,Bahía de Cádiz,68077,1797214,2772043,32176,88637,270,4758417,150100,1884
2003,Baleares,1697522,2070453,7492803,3333,233189,349430,11846730,263892,10354
2003,Barcelona,10159372,3697827,20917489,4462,732923,0,35512073,1652366,8861
2003,Bilbao,16033580,4142642,8208755,0,122687,502481,29010145,448565,3485
2003,Cartagena,16543149,4035035,657602,2812,107979,566,21347143,36918,1542
2003,Castellón,6706344,2261794,963520,9052,44284,0,9984994,33103,1120
2003,Ceuta ,659658,69784,748153,311,629857,0,2107763,6705,9592
2003,Ferrol-S. Cibrao  ,893440,7595784,375545,104,25319,175091,9065283,58,907
2003,Gijón,1438627,16894547,467061,9025,187486,168334,19165080,10397,946
2003,Huelva,11323146,6042879,728891,5966,112819,0,18213701,0,1705
2003,Las Palmas,4765889,1700855,13214652,9404,2078396,0,21769196,990937,10826
2003,Málaga,73826,1844139,367688,1778,119149,0,2406580,1650,1475
2003,Marín y Ría de Pontevedra,358,779161,879812,6014,98848,318,1764511,32808,980
2003,Melilla,85922,52007,607582,0,26985,0,772496,16819,1034
2003,Pasaia,255615,3446739,2200472,11441,45267,0,5959534,0,1718
2003,Santa Cruz de Tenerife,8877440,1557549,6509907,4836,1057084,0,18006816,414373,19148
2003,Santander,354835,3964772,1054430,4574,58891,0,5437502,10007,1623
2003,Sevilla,298851,2902435,1633389,0,11727,0,4846402,102854,1391
2003,Tarragona,17931962,9540809,1324825,3249,209692,4619,29015156,57019,2661
2003,Valencia,1626070,5396239,27937800,2457,338885,0,35301451,1992903,6797
2003,Vigo,56604,773641,3172131,88090,393669,911,4485046,165973,2396
2003,Vilagarcía,438895,443837,275373,0,10456,0,1168561,0,399
2002,A Coruña,7543733,4074019,567727,25434,136332,659456,13006701,0,1344
2002,Alicante,109530,1269392,1582738,5620,86198,0,3053478,135526,1331
2002,Almería-Motril,1232528,5868380,611068,7868,137014,0,7856858,122,2546
2002,Avilés,757980,2456428,878906,14552,54216,0,4162082,6706,860
2002,Bahía de Algeciras,19497624,2839452,28913945,6167,2433311,1585138,55275637,2234248,19572
2002,Bahía de Cádiz,141086,1851870,2544411,39201,104770,7668,4689006,108157,2016
2002,Baleares,1657738,1976404,7109156,3333,244846,311554,11303031,242786,9944
2002,Barcelona,9930153,3383298,19294744,5541,384284,0,32998020,1461232,8993
2002,Bilbao,13125429,4625295,7873372,0,129137,505870,26259103,455013,3672
2002,Cartagena,17160962,4184414,611050,2966,126059,9034,22094485,45469,1578
2002,Castellón,7501222,1905114,927258,8841,34426,0,10376861,29446,1230
2002,Ceuta ,806999,90583,805339,272,698582,0,2401775,8544,9507
2002,Ferrol-S. Cibrao  ,1108560,7626424,492427,151,18270,274,9246106,64,989
2002,Gijón,1487522,18143288,565006,10410,178052,140805,20525083,10402,1064
2002,Huelva,10867027,6504217,799458,6333,148122,0,18325157,0,1710
2002,Las Palmas,4301234,1677526,10455504,7714,2005496,0,18447474,758860,10512
2002,Málaga,119979,1805006,367623,3237,122352,2,2418199,2764,1417
2002,Marín y Ría de Pontevedra,377,1086442,814864,6435,98521,145,2006784,37304,979
2002,Melilla,82008,117715,617230,0,23611,0,840564,16444,1079
2002,Pasaia,261900,3245738,1838143,11900,45059,0,5402740,368,1633
2002,Santa Cruz de Tenerife,8606737,1530176,6171962,2410,1102949,0,17414234,400369,16432
2002,Santander,371347,4107711,931265,7945,62942,0,5481210,8378,1501
2002,Sevilla,242814,2765243,1678503,0,8837,9156,4704553,100960,1404
2002,Tarragona,17492297,10848111,1203141,4908,187474,0,29735931,53121,2624
2002,Valencia,1624565,5797755,25393372,2943,226528,0,33045163,1821005,7068
2002,Vigo,42031,683994,3045668,82604,371107,778,4226182,159325,2391
2002,Vilagarcía,363468,521790,268683,0,10204,0,1164145,0,428
2001,A Coruña,7203406,3238178,425081,29167,164077,721385,11781294,46,1288
2001,Alicante,116180,1569573,1536117,7384,61921,0,3291175,133413,1393
2001,Almería-Motril,1045832,6824719,575606,9358,83279,0,8538794,111,2218
2001,Avilés,674891,2115307,936301,12235,54815,0,3793549,26,862
2001,Bahía de Algeciras,19141826,2556619,27344496,6947,2249885,1447124,52746897,2151770,18082
2001,Bahía de Cádiz,182901,1766286,2575457,30860,114993,15827,4686324,99419,2045
2001,Baleares,1707108,1826806,6887036,2862,217119,251730,10892661,265494,8491
2001,Barcelona,9515171,3817788,18136271,5672,388310,0,31863212,1411054,8651
2001,Bilbao,14325967,4413628,7919882,6,135080,305986,27100549,454378,3845
2001,Cartagena,16310239,3390028,557206,3378,99293,11698,20371842,34692,1526
2001,Castellón,7751863,1666936,850815,12136,35480,0,10317230,24606,1205
2001,Ceuta ,795140,97310,813408,443,720476,0,2426777,14266,9685
2001,Ferrol-S. Cibrao  ,728049,7371977,611276,277,16537,337,8728453,39,1029
2001,Gijón,1338838,17024192,573033,8741,143914,114355,19203073,18351,1069
2001,Huelva,12136770,5477192,939743,6333,103364,0,18663402,0,1678
2001,Las Palmas,4627045,1644032,9691160,14467,2045414,0,18022118,675711,10690
2001,Málaga,90418,1304739,413057,5427,112147,48,1925836,3408,1118
2001,Marín y Ría de Pontevedra,0,872043,937572,6714,89572,3,1905904,35488,1241
2001,Melilla,86347,64442,591352,0,18653,0,760794,15614,1011
2001,Pasaia,251600,2734618,1673112,13699,46962,0,4719991,0,1550
2001,Santa Cruz de Tenerife,8547432,1464299,6084965,2831,1031991,0,17131518,402894,15619
2001,Santander,388545,3698545,1009528,7639,72185,0,5176442,1352,1682
2001,Sevilla,264471,2957558,1643525,0,10634,16571,4892759,101410,1449
2001,Tarragona,16980197,8726684,964140,7312,219716,20,26898069,39064,2589
2001,Valencia,1742908,5299794,21421983,3921,224421,0,28693027,1506805,6912
2001,Vigo,51726,697906,2949734,79696,332310,596,4111968,141330,2455
2001,Vilagarcía,317282,431432,267572,0,8230,0,1024516,0,403
2000,A Coruña,7632430,3726790,295934,43698,137386,778244,12614482,2,1298
2000,Alicante,161354,1514410,1305408,9402,55953,0,3046527,113110,1336
2000,Almería-Motril,991464,7337329,546561,7655,80833,0,8963842,255,2426
2000,Avilés,650433,2329022,1094663,12356,51132,0,4137606,12,901
2000,Bahía de Algeciras,18204702,2827679,22984026,9032,2151481,1382897,47559817,2009122,19005
2000,Bahía de Cádiz,216551,1774588,2498529,29471,124371,9894,4653404,76361,2187
2000,Baleares,1622395,1882177,6725782,3038,272723,68317,10574432,282451,9421
2000,Barcelona,8965673,3254239,17584980,5726,349762,0,30160380,1387570,9138
2000,Bilbao,14764325,4452656,8302125,11,129046,990807,28638970,434362,3795
2000,Cartagena,13750893,2999673,481117,2863,102984,11383,17348913,39501,1559
2000,Castellón,7670328,1562649,612045,15532,28466,0,9889020,19783,1052
2000,Ceuta ,1479054,64171,722736,283,629812,0,2896056,11480,11533
2000,Ferrol-S. Cibrao  ,822623,7045159,588313,147,32213,10142,8498597,63,1015
2000,Gijón,1451477,17417568,616097,7006,184508,130326,19806982,19204,1084
2000,Huelva,11665246,5207146,933774,5996,58351,0,17870513,0,1837
2000,Las Palmas,4129067,1433700,8737189,5036,1901141,0,16206133,621104,12602
2000,Málaga,1997530,1253343,395341,5883,113251,122,3765470,4062,1574
2000,Marín y Ría de Pontevedra,0,703709,862942,8182,109009,23,1683865,29147,944
2000,Melilla,85803,63482,633334,0,19315,0,801934,18049,1042
2000,Pasaia,159900,2815682,1629640,14682,51473,0,4671377,0,1560
2000,Santa Cruz de Tenerife,8528523,1501641,5850820,2709,1090545,0,16974238,393371,18967
2000,Santander,378525,3642889,1240386,7018,80045,0,5348863,3358,1600
2000,Sevilla,262141,2695424,1522394,0,7291,4943,4492193,91095,1410
2000,Tarragona,17190390,9235030,931602,7678,208032,0,27572732,44855,2582
2000,Valencia,1740575,4638486,18839326,2905,172875,0,25394167,1308010,6977
2000,Vigo,44600,504171,2961870,75828,289678,670,3876817,145460,2554
2000,Vilagarcía,279120,421105,289401,0,11938,0,1001564,0,391
1999,A Coruña,7406731,3348952,267142,46304,159902,892951,12121982,442,1282
1999,Alicante,170973,1647425,1118539,13259,47882,0,2998078,96136,1407
1999,Almería-Motril,957752,7261803,554688,7793,86735,0,8868771,126,2260
1999,Avilés,667640,1883794,889646,15423,57785,0,3514288,142,839
1999,Bahía de Algeciras,17341351,2603557,22101625,13905,2033808,1285247,45379493,1832557,20393
1999,Bahía de Cádiz,169498,1171195,2371826,36993,287187,29298,4065997,61206,2252
1999,Baleares,1437320,1952689,5953710,3466,16433,77145,9440763,272398,9884
1999,Barcelona,8499596,4053580,15323550,6183,625601,0,28508510,1234987,9204
1999,Bilbao,14326221,4387107,7316567,15,131748,893876,27055534,377307,3869
1999,Cartagena,8848651,2947000,582975,3251,84365,4918,12471160,47728,1603
1999,Castellón,7217360,1293305,521850,20497,26810,0,9079822,14432,939
1999,Ceuta ,1822009,52284,649065,269,532400,0,3056027,10532,12644
1999,Ferrol-S. Cibrao  ,896042,7137385,403566,348,24910,31733,8493984,106,993
1999,Gijón,1399358,16185221,582968,2656,162855,90557,18423615,14217,1131
1999,Huelva,9300916,5482893,848159,7065,51601,2115,15692749,0,1803
1999,Las Palmas,4197522,1303607,9207205,93137,1924327,0,16725798,635887,11739
1999,Málaga,7464158,1218973,374238,5364,146165,481,9209379,4656,1401
1999,Marín y Ría de Pontevedra,0,716389,929968,8927,98939,0,1754223,42794,1007
1999,Melilla,78602,56850,631415,0,10519,0,777386,23288,1138
1999,Pasaia,253645,2570039,1664042,14092,50890,0,4552708,0,1499
1999,Santa Cruz de Tenerife,8211895,1235418,5481730,3844,989925,0,15922812,366806,19252
1999,Santander,353850,3693002,1126143,7965,94836,0,5275796,1582,1577
1999,Sevilla,309902,2186308,1459513,0,4960,382,3961065,72600,1470
1999,Tarragona,15489206,8708864,924676,8243,285627,2000,25418616,39423,2356
1999,Valencia,1644757,5033379,17188012,2847,216358,0,24085353,1170191,6360
1999,Vigo,55220,442954,2656227,82269,272784,560,3510014,135020,2498
1999,Vilagarcía,145125,386183,239641,0,8261,5310,784520,0,406
1998,A Coruña,7762420,2688004,273849,45451,177248,881805,11828777,98,1262
1998,Alicante,180779,1329345,1078807,11605,45703,0,2646239,89195,1207
1998,Almería-Motril,955362,6476159,555041,7301,77185,0,8071048,5,1959
1998,Avilés,613493,1816137,1405433,16947,57148,0,3909158,7,984
1998,Bahía de Algeciras,18451404,1903441,21771428,14687,1877272,1201837,45220069,1825614,19920
1998,Bahía de Cádiz,92385,1229932,2359013,37083,268185,20852,4007450,61097,1873
1998,Baleares,1323670,1610200,5037488,2025,34088,75295,8082766,225059,8064
1998,Barcelona,7238423,4406605,13080089,4396,609623,0,25339136,1095113,7712
1998,Bilbao,15109607,3975511,7353666,24,133112,669591,27241511,368072,3904
1998,Cartagena,8456135,2557998,568558,3135,111601,3293,11700720,38450,1452
1998,Castellón,6792749,1061677,605690,18408,25615,0,8504139,27659,960
1998,Ceuta ,3374706,38945,672121,345,556420,0,4642537,9860,11804
1998,Ferrol-S. Cibrao  ,721125,6948446,354863,608,26950,716,8052708,97,1051
1998,Gijón,1356447,13089655,567843,2610,140966,96302,15253823,8785,921
1998,Huelva,8256777,5504157,709655,7232,55457,4055,14537333,0,1629
1998,Las Palmas,3988015,1101600,7513063,124522,1851841,0,14579041,490577,11048
1998,Málaga,7466648,1318292,416762,4509,134952,426,9341589,4537,1259
1998,Marín y Ría de Pontevedra,0,699661,638990,9861,87610,0,1436122,21204,1022
1998,Melilla,86908,47345,679050,0,9870,0,823173,20716,1174
1998,Pasaia,254619,2194286,1492639,13976,52407,0,4007927,368,1367
1998,Santa Cruz de Tenerife,8147878,1222824,5120438,3717,1020783,0,15515640,324672,18353
1998,Santander,403938,3326901,1111641,8811,98092,0,4949383,495,1493
1998,Sevilla,311282,2247747,1303767,0,5139,0,3867935,66061,1313
1998,Tarragona,16730549,7978546,835069,7546,271890,7182,25830782,31302,2276
1998,Valencia,1337569,3888515,15031599,3492,239175,0,20500350,1005397,6134
1998,Vigo,51683,469881,2466887,80854,254379,3577,3327261,118520,2233
1998,Vilagarcía,145059,317274,196457,0,7657,135,666582,0,341
1997,A Coruña,7645642,2613322,167206,50008,200438,752377,11428993,1958,1090
1997,Alicante,133316,1036364,961135,13843,47479,0,2192137,85481,1148
1997,Almería-Motril,776822,4655039,494537,8712,67911,0,6003021,48,2074
1997,Avilés,722150,1663893,1284900,19486,57692,0,3748121,3,979
1997,Bahía de Algeciras,16906581,1758958,18633911,13961,1672159,1061655,40047225,1537627,19346
1997,Bahía de Cádiz,78860,1066629,2021437,32949,271201,19578,3490654,56004,1832
1997,Baleares,7693971,1392243,4667066,3019,87495,77420,13921214,187827,7891
1997,Barcelona,8044939,5077065,11765322,5019,596420,0,25488765,971921,7385
1997,Bilbao,12615029,3022297,6773980,23,127362,539793,23078484,340059,3692
1997,Cartagena,7300704,2066329,406069,3486,66570,226,9843384,27336,1117
1997,Castellón,6827253,864360,641315,18384,30656,0,8381968,29052,912
1997,Ceuta ,3278664,37557,581816,357,609699,0,4508093,8116,11386
1997,Ferrol-S. Cibrao  ,704634,6285152,320183,762,14580,2,7325313,592,985
1997,Gijón,1349096,11211862,668176,1507,134519,99151,13464311,8595,823
1997,Huelva,8968555,4920061,720595,7489,54286,14999,14685985,0,1738
1997,Las Palmas,3805675,955169,5931563,107921,1666124,0,12466452,380654,10385
1997,Málaga,7045463,1222199,477828,6273,111795,353,8863911,4831,1245
1997,Marín y Ría de Pontevedra,0,730143,568472,10778,92528,0,1401921,10685,852
1997,Melilla,98134,39482,595891,0,10398,0,743905,17695,1261
1997,Pasaia,309287,1830773,1620855,14937,61964,0,3837816,386,1422
1997,Santa Cruz de Tenerife,7793259,1000190,5261895,3425,897465,0,14956234,277685,18020
1997,Santander,422033,3017461,1057475,10287,77927,0,4585183,1609,1464
1997,Sevilla,322240,2587438,1097880,0,7276,10338,4025172,58891,1359
1997,Tarragona,21952554,8137133,715002,9597,309129,2179,31125594,32506,2398
1997,Valencia,1379947,3562577,13059895,3154,240905,0,18246478,831510,6092
1997,Vigo,45972,437346,2201709,83270,246384,10884,3025565,97745,2123
1997,Vilagarcía,129489,304103,203655,0,5803,0,643050,0,322
1996,A Coruña,7916386,2514549,166138,54637,241995,434700,11328405,459,1057
1996,Alicante,139892,1406275,806505,17225,46310,0,2416207,71995,1105
1996,Almería-Motril,686379,6517586,558909,9356,67962,0,7840192,0,1790
1996,Avilés,774440,1814488,1193855,15835,53432,0,3852050,12,1030
1996,Bahía de Algeciras,15901064,1739329,16559766,16803,1601976,1017519,36836457,1306825,17980
1996,Bahía de Cádiz,171532,1347364,1996364,32229,212980,17255,3777724,58443,2187
1996,Baleares,7898093,1222795,4291531,3308,50297,78153,13544177,164683,7348
1996,Barcelona,8346544,5130396,10094446,7509,569011,0,24147906,767236,7200
1996,Bilbao,11815909,3634819,6285623,18,139441,770717,22646527,300620,3487
1996,Cartagena,7532029,2081500,324267,2746,88533,0,10029075,19144,1099
1996,Castellón,6785032,743420,630647,19675,25729,0,8204503,27036,861
1996,Ceuta ,2046031,49577,465431,385,533047,0,3094471,4678,10614
1996,Ferrol-S. Cibrao  ,548415,6362331,276625,906,9805,0,7198082,97,1015
1996,Gijón,1498614,11344307,620202,2900,126561,92193,13684777,7371,844
1996,Huelva,9345874,5121895,629143,7193,49996,0,15154101,0,1713
1996,Las Palmas,3497604,860324,5144458,75013,1586619,0,11164018,354137,10091
1996,Málaga,6889261,1263293,490581,7491,109428,305,8760359,5074,1292
1996,Marín y Ría de Pontevedra,21542,548796,585330,10317,80520,0,1246505,11524,743
1996,Melilla,88507,48795,513976,0,7913,0,659191,13207,1186
1996,Pasaia,313452,1819862,1298438,16191,62105,0,3510048,52,1321
1996,Santa Cruz de Tenerife,7149522,865389,4885857,3808,1096063,0,14000639,262136,18241
1996,Santander,440495,3033447,1062760,10240,70029,0,4616971,7315,1585
1996,Sevilla,223695,2567675,965595,0,4649,6341,3767955,44846,1314
1996,Tarragona,22772848,7307998,711133,9012,270011,0,31071002,33515,2449
1996,Valencia,1188141,3549963,11115659,3487,259400,0,16116650,708332,5348
1996,Vigo,159661,396653,2058936,89303,275931,151313,3131797,83098,1911
1996,Vilagarcía,124197,305148,169234,0,8182,0,606761,0,342
1995,A Coruña,7970865,3347444,180332,63697,287107,357237,12206682,0,1059
1995,Alicante,129263,1285788,768311,21586,38157,0,2243105,62375,966
1995,Almería-Motril,685027,7505265,554383,12612,53713,0,8811000,112,1809
1995,Avilés,813507,1869665,1345827,17066,53232,0,4099297,4,1092
1995,Bahía de Algeciras,17226289,2162254,14987349,15090,1550149,1045396,36986527,1154714,12863
1995,Bahía de Cádiz,1317389,1363538,1936477,30270,230815,44214,4922703,59338,2106
1995,Baleares,5218708,1122824,4255797,2760,49916,0,10650005,170492,7331
1995,Barcelona,8215091,5115090,9401380,7746,553394,0,23292701,689324,6854
1995,Bilbao,13066024,5435133,6506330,31,147766,2610829,27766113,296616,3690
1995,Cartagena,8187694,2295212,345625,3076,87385,0,10918992,21275,1015
1995,Castellón,6306229,705881,681799,21209,23788,0,7738906,23001,813
1995,Ceuta ,4331258,71300,1011509,362,568801,0,5983230,10446,7440
1995,Ferrol-S. Cibrao  ,495145,6103812,273705,656,22786,0,6896104,53,994
1995,Gijón,1447190,11843254,555097,4893,97545,65330,14013309,7812,838
1995,Huelva,11157922,4674619,448749,29590,52945,0,16363825,0,2216
1995,Las Palmas,3500257,759113,4889687,140824,1524479,0,10814360,333645,10018
1995,Málaga,6916938,1615045,593868,5071,115595,154,9246671,4426,1417
1995,Marín y Ría de Pontevedra,7617,686015,520263,40690,70918,0,1325503,5015,665
1995,Melilla,79433,49265,564897,0,449,0,694044,15776,1171
1995,Pasaia,470232,2218851,1378198,13456,65837,0,4146574,137,1414
1995,Santa Cruz de Tenerife,7638518,883732,4451557,0,983147,0,13956954,242066,16690
1995,Santander,558546,3144552,928361,9209,61697,0,4702365,1613,1497
1995,Sevilla,238422,2394516,916305,4148,20374,0,3573765,47224,1266
1995,Tarragona,20073783,7653204,748668,10148,213479,5993,28705275,49130,2420
1995,Valencia,1317336,3902812,10897061,3579,257136,0,16377924,671827,5053
1995,Vigo,703708,439978,2045311,151127,254328,112535,3706987,83029,1984
1995,Vilagarcía,136503,265396,117627,32707,8681,12,560926,0,324
1994,A Coruña,8242019,2692893,160940,62230,292754,297230,11748066,0,1039
1994,Alicante,226769,1306194,621268,21452,29685,0,2205368,58409,920
1994,Almería-Motril,673548,6502370,450124,15817,68519,0,7710378,591,1325
1994,Avilés,623234,1761949,1586629,17823,54291,0,4043926,79,1141
1994,Bahía de Algeciras,18295601,2109026,11918257,18385,1590875,839278,34771422,1003528,13967
1994,Bahía de Cádiz,303782,1170238,2395058,35288,221873,38205,4164444,72562,2448
1994,Baleares,1279948,1126135,3965098,3360,58532,0,6433073,150356,23711
1994,Barcelona,8035018,3816464,8538363,9751,456799,0,20856395,605356,6421
1994,Bilbao,13543757,6408417,5512819,36,139640,3878052,29482721,267623,3481
1994,Cartagena,6924926,1735812,286227,3010,76239,0,9026214,16721,992
1994,Castellón,6622792,521477,561470,17440,20243,0,7743422,22729,763
1994,Ceuta ,4327790,58918,978162,385,671653,0,6036908,11109,8087
1994,Ferrol-S. Cibrao  ,451075,5112844,262118,866,22508,1297,5850708,0,926
1994,Gijón,1420614,10532349,490125,2780,100888,65153,12611909,7953,794
1994,Huelva,8123301,4139435,333053,44392,52080,271,12692532,0,1755
1994,Las Palmas,3204480,677950,4770728,198481,1453755,0,10305394,313188,9819
1994,Málaga,7016293,1087863,675288,7329,121913,32,8908718,4581,1403
1994,Marín y Ría de Pontevedra,11213,525883,367412,41844,65365,0,1011717,3218,504
1994,Melilla,60986,41427,720860,0,7370,0,830643,14034,1166
1994,Pasaia,405288,2046594,1349758,10243,72888,0,3884771,76,1357
1994,Santa Cruz de Tenerife,7517335,800814,4114672,1,978154,0,13410976,215086,13812
1994,Santander,535990,2703768,930336,8089,56190,0,4234373,1338,1370
1994,Sevilla,297608,1936665,814406,4761,25776,0,3079216,40315,1090
1994,Tarragona,16024988,6811854,723864,12383,187069,0,23760158,40975,2227
1994,Valencia,1140503,3727458,8070236,4990,156065,0,13099252,466873,4708
1994,Vigo,771522,374366,2045661,152440,240327,114261,3698577,86005,2050
1994,Vilagarcía,111319,280374,83724,28425,6420,5180,515442,0,319
1993,A Coruña,8405881,2500900,205756,65720,305948,275161,11759366,0,1563
1993,Alicante,321497,1211211,536300,16382,28445,0,2113835,49567,903
1993,Almería-Motril,652353,7143354,469009,13152,74686,0,8352554,725,1313
1993,Avilés,668943,1014549,1706418,11512,45045,0,3446467,29,936
1993,Bahía de Algeciras,14723758,1834943,11272019,20849,1317922,832798,30002289,806543,13088
1993,Bahía de Cádiz,449942,811075,2224993,35944,188293,36404,3746651,75770,2200
1993,Baleares,1216492,1103629,3358654,3027,54549,0,5736351,107120,16137
1993,Barcelona,7658323,3108734,6915335,5906,430556,0,18118854,501146,6176
1993,Bilbao,14562239,5705626,4734449,86,232142,4771411,30005953,222264,3284
1993,Cartagena,8469375,1529443,301930,3068,105854,0,10409670,18939,1004
1993,Castellón,5981269,481657,431881,15876,23722,0,6934405,16084,699
1993,Ceuta ,2749237,55666,965940,379,761123,0,4532345,4702,8203
1993,Ferrol-S. Cibrao  ,364564,4204948,251469,858,12117,249,4834205,0,828
1993,Gijón,1256185,10862486,387014,6006,100519,68353,12680563,7247,788
1993,Huelva,7664403,3119563,260706,37615,53295,128,11135710,0,1596
1993,Las Palmas,2936735,650626,4194084,194183,1414007,0,9389635,267040,8978
1993,Málaga,6509724,1205032,683086,7419,100790,0,8506051,6265,1372
1993,Marín y Ría de Pontevedra,8477,502785,289801,42305,52486,0,895854,2473,493
1993,Melilla,49305,36128,667734,0,19485,0,772652,12125,1112
1993,Pasaia,592134,2292498,1318287,13412,76182,0,4292513,0,1500
1993,Santa Cruz de Tenerife,6963756,808192,3679613,3505,814135,0,12269201,187154,11439
1993,Santander,624712,2372057,735849,7273,52442,0,3792333,286,1310
1993,Sevilla,197380,2032972,432787,2415,12100,0,2677654,26154,905
1993,Tarragona,16233790,6728935,631669,12105,207627,0,23814126,40563,2134
1993,Valencia,1176831,2516804,6669803,5454,152187,0,10521079,385338,4427
1993,Vigo,742764,409308,1681173,146209,247133,110239,3336826,79541,1836
1993,Vilagarcía,117361,273995,79606,30488,7969,82353,591772,0,314
1992,A Coruña,10034433,2397144,166556,60351,313052,291204,13262740,0,1742
1992,Alicante,1104219,958742,607899,16079,33397,0,2720336,50883,1028
1992,Almería-Motril,739339,7256036,508196,14128,60483,0,8578182,820,1284
1992,Avilés,620081,1145135,1852704,14799,50100,0,3682819,0,1075
1992,Bahía de Algeciras,16896839,2051384,9354973,25696,1122838,581984,30033714,780337,12162
1992,Bahía de Cádiz,275603,615998,1903060,35564,213801,40839,3084865,74222,2329
1992,Baleares,1157002,1171803,3333129,3155,76277,0,5741366,152418,15114
1992,Barcelona,7528120,3208911,7600894,6366,485412,0,18829703,552309,6191
1992,Bilbao,15020328,5878078,4619046,134,201229,4841546,30560361,204421,3353
1992,Cartagena,9907126,1732632,359888,3109,107218,20,12109993,17028,1204
1992,Castellón,6348664,488800,422968,14233,24638,0,7299303,11101,752
1992,Ceuta ,2756940,49484,948100,486,684288,0,4439298,4227,7794
1992,Ferrol-S. Cibrao  ,271589,4210077,345091,1205,25667,195,4853824,32,892
1992,Gijón,1422405,10815438,254000,5081,106933,72450,12676307,6452,781
1992,Huelva,7157340,3055069,382179,41568,62944,0,10699100,0,1588
1992,Las Palmas,3075122,695309,4127810,219685,1610080,0,9728006,248697,9521
1992,Málaga,7541521,1079840,546063,9336,89929,0,9266689,3405,1365
1992,Marín y Ría de Pontevedra,15039,394175,348088,64381,62497,0,884180,0,470
1992,Melilla,44788,28597,553387,7,15993,0,642772,11449,954
1992,Pasaia,633684,2111543,1301071,10181,81618,0,4138097,174,1422
1992,Santa Cruz de Tenerife,6980748,987503,3669726,4087,989530,0,12631594,199837,11999
1992,Santander,611071,2455421,681600,6440,58178,0,3812710,452,1492
1992,Sevilla,160554,2604825,509646,2662,44287,0,3321974,30634,1082
1992,Tarragona,16854634,7111154,632489,9732,293246,0,24901255,33186,2197
1992,Valencia,1182904,3352913,6661457,5216,182088,0,11384578,370546,4500
1992,Vigo,871096,445342,1605981,141213,254561,88927,3407120,77017,2053
1992,Vilagarcía,106517,283381,77836,47752,10375,57646,583507,0,357
1991,A Coruña,9157424,2181837,172910,66531,406184,863890,12848776,324,2123
1991,Alicante,1178036,663837,704096,18363,32803,0,2597135,44044,1171
1991,Almería-Motril,66965,7346650,195226,12587,45754,0,7667182,934,937
1991,Avilés,599793,1367704,1905111,16164,46914,0,3935686,0,1109
1991,Bahía de Algeciras,17125613,1721300,9160954,26279,913816,698698,29646660,761795,12491
1991,Bahía de Cádiz,288712,732431,1804739,37800,259844,63624,3187150,71369,2021
1991,Baleares,1265080,1049525,3951331,2745,83959,0,6352640,175077,16914
1991,Barcelona,7626174,3937086,6749487,5897,404235,0,18722879,488917,6311
1991,Bilbao,16301694,6432891,4645886,137,218030,5076325,32674963,193823,3628
1991,C.A.G.P,945925,3177126,404581,2251,27515,0,4557398,0,814
1991,Cartagena,11499669,1705467,524163,2140,117044,19079,13867562,18859,1218
1991,Castellón,6529696,306819,404219,15084,32323,0,7288141,5546,697
1991,Ceuta ,3209993,42120,980625,737,639701,0,4873176,3298,8763
1991,Ferrol-S. Cibrao  ,29003,1279315,195140,1351,29185,1204,1535198,0,521
1991,Gijón,1453344,11205446,251704,3445,150036,97304,13161279,6299,1009
1991,Huelva,5732277,3235412,363346,43470,65634,0,9440139,0,1668
1991,Las Palmas,2848034,684378,3924577,272350,1672684,0,9402023,207738,10506
1991,Málaga,7538996,962400,565469,8402,92504,19,9167790,3818,1424
1991,Marín y Ría de Pontevedra,12149,349092,249236,61757,68533,0,740767,156,1504
1991,Melilla,39859,14428,482748,12,13444,0,550491,8331,307
1991,Pasaia,598146,1810245,1478436,12336,81630,0,3980793,29054,715
1991,Santa Cruz de Tenerife,7685725,1030624,3497588,3844,1095797,0,13313578,188161,12502
1991,Santander,816772,2741981,668617,5640,55133,0,4288143,284,1462
1991,Sevilla,114458,2620403,627471,3237,28971,0,3394540,29402,1137
1991,Tarragona,15658705,7462870,605634,7294,245830,363625,24343958,26848,2254
1991,Valencia,2087252,3190129,6513401,3438,225523,0,12019743,364446,4635
1991,Vigo,891656,447252,1505884,143517,282189,100256,3370754,74366,2103
1991,Vilagarcía,112616,231938,61067,57174,10563,5511,478869,0,343
1990,A Coruña,9077910,2121260,180638,77661,349828,782715,12590012,193,2339
1990,Alicante,1079424,709873,710599,18631,37130,0,2555657,39883,1332
1990,Almería-Motril,231831,6183352,305363,10478,72234,0,6803258,828,924
1990,Avilés,554119,1348816,1845670,19017,55538,0,3823160,0,1076
1990,Bahía de Algeciras,16060765,1545389,6932015,26634,990552,791179,26346534,552555,14369
1990,Bahía de Cádiz,250305,785829,1783467,42962,222752,59361,3144676,79095,2278
1990,Baleares,1098939,1239359,3783859,2222,202959,61274,6388612,171486,6707
1990,Barcelona,7438024,4147753,6443962,5588,385453,0,18420780,447920,6378
1990,Bilbao,14413348,6416129,4375982,181,211940,4648704,30066284,189005,3532
1990,C.A.G.P,741745,3235347,333929,2670,25796,0,4339487,0,764
1990,Cartagena,11245125,1289321,1149516,685,109576,167,13794390,21446,1265
1990,Castellón,6932989,434626,477205,13751,36597,0,7895168,3835,825
1990,Ceuta ,1898356,38684,887566,867,770515,0,3595988,4042,11018
1990,Ferrol-S. Cibrao  ,45677,973781,223160,1097,33511,535,1277761,0,504
1990,Gijón,1243974,10079276,246501,4750,134655,91596,11800752,6507,896
1990,Huelva,6263320,3366319,379466,45144,68437,15487,10138173,2,1940
1990,Las Palmas,2779033,707032,4020981,327880,1879951,0,9714877,216724,11440
1990,Málaga,7638981,933808,568275,6350,94525,0,9241939,3051,1559
1990,Marín y Ría de Pontevedra,18915,322122,192114,53903,72331,0,659385,401,276
1990,Melilla,34891,14215,408453,24,12790,0,470373,6134,855
1990,Pasaia,582865,824359,2329366,13925,73008,0,3823523,19379,1487
1990,Santa Cruz de Tenerife,7649872,965022,3411112,3935,1168059,0,13198000,150306,13784
1990,Santander,690402,2618666,773304,6338,52366,0,4141076,380,1425
1990,Sevilla,176087,2122779,737110,3501,30801,0,3070278,30811,1107
1990,Tarragona,17067090,6561214,616069,4752,236273,341031,24826429,18327,2207
1990,Valencia,2112675,3336225,6527045,3990,192311,0,12172246,387162,4747
1990,Vigo,888030,424303,1382489,175886,256440,97494,3224642,67348,3123
1990,Vilagarcía,115421,220223,79485,74130,12044,10010,511313,0,373
1989,A Coruña,9961004,2406956,184783,82779,341763,762834,13740119,349,2454
1989,Alicante,967508,811770,761334,12311,42090,0,2595013,42837,1567
1989,Almería-Motril,237101,6888977,216151,8452,44406,0,7395087,575,907
1989,Avilés,408658,1238417,1789244,16830,41410,0,3494559,0,961
1989,Bahía de Algeciras,16485802,1581711,5700069,34645,905116,739952,25447295,397163,11254
1989,Bahía de Cádiz,211237,689491,1535680,43738,296069,10607,2786822,85461,1733
1989,Baleares,1116986,1420391,4073651,2316,243790,55099,6912233,183920,7144
1989,Barcelona,7210407,4068194,6865086,5432,369847,0,18518966,439969,6555
1989,Bilbao,16007292,6718443,4240166,194,274642,3065779,30306516,182002,3651
1989,C.A.G.P,645812,2836200,204269,2650,21257,0,3710188,0,702
1989,Cartagena,8494498,1643213,756572,795,88986,211,10984275,21593,1266
1989,Castellón,5703084,356953,498680,14338,29759,0,6602814,2604,746
1989,Ceuta ,2425530,32391,842215,849,640888,0,3941873,4108,8387
1989,Ferrol-S. Cibrao  ,31978,742798,108257,1338,17994,2480,904845,74,432
1989,Gijón,1225880,10716827,297911,4246,129910,85443,12460217,4308,901
1989,Huelva,5994549,3814342,512926,45130,84274,29338,10480559,0,2025
1989,Las Palmas,2903538,852347,3830978,330460,1854126,0,9771449,201688,11568
1989,Málaga,7281687,527518,475020,7500,78928,4500,8375153,3172,1243
1989,Marín y Ría de Pontevedra,5409,251832,338868,62974,66283,0,725366,0,242
1989,Melilla,31704,10112,374680,87,17258,0,433841,6634,819
1989,Pasaia,672973,899020,2469904,10921,83061,0,4135879,24334,1730
1989,Santa Cruz de Tenerife,7596457,1074733,3481099,2863,1234551,0,13389703,158294,13136
1989,Santander,693143,2447832,759498,5625,70356,0,3976454,2286,1262
1989,Sevilla,131194,1879250,625651,3268,28414,18940,2686717,30328,921
1989,Tarragona,18891898,6432126,691085,7467,251662,258367,26532605,17958,2414
1989,Valencia,1845744,3449716,6557973,3951,181100,0,12038484,390277,4579
1989,Vigo,872559,372445,1385066,191055,237471,89359,3147955,68460,3324
1989,Vilagarcía,99816,211470,98584,53734,10985,19329,493918,0,386
1988,A Coruña,9454749,1635392,139974,99818,532426,719574,12581933,382,2128
1988,Alicante,882974,729278,726083,12822,39568,0,2390725,57883,1661
1988,Almería-Motril,259664,7350339,241837,8841,48063,0,7908744,463,1021
1988,Avilés,396255,1449492,1102394,15485,36471,0,3000097,0,880
1988,Bahía de Algeciras,14993828,1446791,5485756,35141,919929,851108,23732553,412078,7887
1988,Bahía de Cádiz,629740,669489,1600834,40544,307082,0,3247689,101265,1722
1988,Baleares,712227,294458,2653736,1844,136446,0,3798711,122161,3561
1988,Barcelona,6738862,4751832,6472332,5886,331899,0,18300811,409542,6495
1988,Bilbao,15719785,6400361,4212134,299,373977,2474682,29181238,176857,3679
1988,C.A.G.P,1312836,4232505,2873580,110638,109222,55448,8694229,107664,10442
1988,Cartagena,8061446,1406272,733731,881,98482,2255,10303067,20506,1294
1988,Castellón,6260922,340949,385146,13466,29513,0,7029996,1548,725
1988,Ceuta ,1718586,6210,773043,794,634590,190503,3323726,3883,6436
1988,Ferrol-S. Cibrao  ,80350,755381,137558,1490,30787,230,1005796,0,417
1988,Gijón,1125951,9326121,359338,4131,108627,67357,10991525,1744,898
1988,Huelva,6063603,4294870,382269,37231,83284,0,10861257,2,1943
1988,Las Palmas,2634436,385260,3192998,227174,1824444,0,8264312,155671,9358
1988,Málaga,7098613,552292,495341,9164,74585,0,8229995,3221,1259
1988,Marín y Ría de Pontevedra,7009,279679,358575,41928,60114,0,747305,0,307
1988,Melilla,34868,19469,322374,135,18670,0,395516,6025,826
1988,Pasaia,708774,649929,2339493,13228,78887,0,3790311,19380,1640
1988,Santa Cruz de Tenerife,7153299,830784,2450943,3588,1228535,0,11667149,148020,7902
1988,Santander,617115,2386567,770704,6199,77711,0,3858296,3017,1196
1988,Sevilla,184314,1827493,638152,3751,24082,19480,2697272,30989,940
1988,Tarragona,16903739,4699327,643743,10992,202831,311702,22772334,14746,2265
1988,Valencia,1583963,3423862,5643510,4451,178513,0,10834299,342736,4450
1988,Vigo,783423,360179,1253140,177139,252286,136226,2962393,66269,1964
1988,Vilagarcía,93314,174440,121916,64392,14259,12091,480412,0,424
1987,A Coruña,8950489,1460410,317528,101140,861675,669758,12361000,504,2055
1987,Alicante,794240,951159,699117,13159,34625,0,2492300,57329,1374
1987,Almería-Motril,233004,7222426,301013,11603,44590,0,7812636,472,848
1987,Avilés,360370,1592773,1291773,15181,38456,0,3298553,0,893
1987,Bahía de Algeciras,16142404,1386817,5617853,42098,922684,817625,24929481,429508,8004
1987,Bahía de Cádiz,2224246,629144,1305260,38097,300391,0,4497138,94133,1754
1987,Baleares,697987,278105,2221299,1838,131557,0,3330786,122943,3417
1987,Barcelona,6307463,4578428,5988405,6123,396739,0,17277158,385318,6439
1987,Bilbao,14665795,5457483,3862062,308,569241,2091260,26646149,161820,3641
1987,C.A.G.P,1288789,3942099,2537825,71683,98843,47934,7987173,108424,8409
1987,Cartagena,11760655,1328000,658054,868,140135,18744,13906456,22219,1461
1987,Castellón,6161774,300573,306962,15125,35639,0,6820073,823,729
1987,Ceuta ,2965593,17149,682899,922,647674,178193,4492430,4342,7415
1987,Ferrol-S. Cibrao  ,30563,745798,236084,1117,25909,668,1040139,0,503
1987,Gijón,1107821,9681615,351256,3763,105729,65902,11316086,1182,801
1987,Huelva,5664893,3870331,435910,40203,94354,0,10105691,6,1907
1987,Las Palmas,2782817,373556,3086442,217763,1950431,0,8411009,150669,9106
1987,Málaga,6727047,593638,415945,11942,78078,0,7826650,2929,1320
1987,Marín y Ría de Pontevedra,9342,202043,260383,23994,45600,0,541362,0,303
1987,Melilla,32336,56894,315539,522,23285,0,428576,4480,809
1987,Pasaia,727802,563873,2074296,12448,86062,0,3464481,17709,1414
1987,Santa Cruz de Tenerife,8287822,812520,2351504,14803,1210929,0,12677578,151819,7877
1987,Santander,628487,1856763,771397,6068,85896,0,3348611,2304,1212
1987,Sevilla,155713,1847257,673712,4167,26875,19840,2727564,39227,1046
1987,Tarragona,18162185,5083646,635782,8465,145250,1581,24036909,13198,2429
1987,Valencia,1433449,3245104,5478763,4925,177752,0,10339993,321499,4360
1987,Vigo,766929,324032,1158088,202356,278734,149284,2879423,63224,2227
1987,Vilagarcía,34906,170801,121284,53302,12543,7973,400809,0,357
1986,A Coruña,9411560,1541884,545157,86690,497078,169849,12252218,604,2355
1986,Alicante,791262,1397905,616994,15653,35605,0,2857419,52323,1261
1986,Almería-Motril,227085,7258589,251131,11215,45215,0,7793235,250,834
1986,Avilés,320672,2640654,1307339,16397,47579,0,4332641,0,1040
1986,Bahía de Algeciras,14905157,1407807,4840125,32955,792165,921694,22899903,384158,7665
1986,Bahía de Cádiz,2077042,630534,1157753,38745,318752,0,4222826,85348,1680
1986,Baleares,590976,208598,2049994,1966,294238,0,3145772,103521,3135
1986,Barcelona,6030952,5740082,5571073,6165,396739,0,17745011,341870,6009
1986,Bilbao,15454744,4717133,3836809,339,559322,1768769,26337116,129856,3474
1986,C.A.G.P,1259059,3226296,2279566,128317,84083,35573,7012894,86419,7876
1986,Cartagena,9545881,1414061,620502,949,122502,9672,11713567,20823,1381
1986,Castellón,6785167,229492,363288,15934,29959,0,7423840,133,774
1986,Ceuta ,1408891,29644,593670,1138,764276,245107,3042726,3909,7232
1986,Ferrol-S. Cibrao  ,12598,668645,178478,1002,28147,150,889020,0,475
1986,Gijón,1111614,9059883,594198,2638,122118,63152,10953603,898,977
1986,Huelva,7061368,3602333,434137,32966,88031,2114,11220949,33,1782
1986,Las Palmas,2791440,252332,2796007,356761,1997622,0,8194162,116995,8817
1986,Málaga,6364892,713605,390803,13108,103473,0,7585881,3719,1247
1986,Marín y Ría de Pontevedra,14646,277763,202546,9307,53674,0,557936,415,303
1986,Melilla,29566,41045,282463,956,24026,0,378056,2955,752
1986,Pasaia,838872,587465,2824262,15309,107544,3374,4376826,24460,1594
1986,Santa Cruz de Tenerife,9096869,689668,1947200,51759,974528,0,12760024,113270,7130
1986,Santander,780101,1952161,885853,6295,87004,0,3711414,2321,1217
1986,Sevilla,125337,1645791,685904,4284,30424,19840,2511580,33714,1010
1986,Tarragona,17359723,4720518,748650,8528,187780,2634,23027833,14043,2615
1986,Valencia,1480914,4334236,4709192,3477,173202,0,10701021,267684,4164
1986,Vigo,748663,583694,1024490,192832,292372,134003,2976054,41006,2056
1986,Vilagarcía,39920,195197,117538,50593,12534,3431,419213,0,333
1985,A Coruña,7114937,1571661,525865,97942,370320,0,9680725,446,2031
1985,Alicante,776025,1173436,657251,8841,36661,0,2652214,57783,1228
1985,Almería-Motril,231531,7332752,118348,12710,45363,0,7740704,0,871
1985,Avilés,287062,2567134,1521068,14089,46348,0,4435701,0,1105
1985,Bahía de Algeciras,14212766,841782,4565752,31597,542535,786807,20981239,350573,8416
1985,Bahía de Cádiz,1539699,466811,1520573,38451,397246,0,3962780,111522,1756
1985,Baleares,604676,256664,2018526,2222,223784,0,3105872,111909,3043
1985,Barcelona,5684740,6177969,5923213,7284,435849,0,18229055,352799,6509
1985,Bilbao,15434924,5844296,4577168,264,710071,2069695,28636418,149381,4059
1985,C.A.G.P,1202193,5426713,3152410,164887,104455,20981,10071639,83001,8271
1985,Cartagena,9614288,1349645,567800,1183,89249,24691,11646856,21333,1423
1985,Castellón,6604174,231391,632626,9546,45979,0,7523716,309,846
1985,Ceuta ,3008827,29720,586011,1272,1158653,424409,5208892,1330,8976
1985,Ferrol-S. Cibrao  ,30958,780783,315179,1129,37199,0,1165248,0,522
1985,Gijón,1210258,11040703,634733,2479,111155,6282,13005610,838,1099
1985,Huelva,5314714,3521655,427078,36772,87792,0,9388011,16,1656
1985,Las Palmas,2511112,465423,2894176,301149,1947432,0,8119292,104753,9003
1985,Málaga,6038603,648846,402306,11684,119043,0,7220482,4764,1313
1985,Marín y Ría de Pontevedra,15121,231772,159042,13831,59974,0,479740,0,280
1985,Melilla,31604,44842,285241,1958,27782,0,391427,2644,834
1985,Pasaia,935889,592523,3378596,25400,123926,4131,5060465,15052,1768
1985,Santa Cruz de Tenerife,8579271,541961,2082061,71215,992712,0,12267220,101856,7027
1985,Santander,963453,1896511,839723,6181,110037,0,3815905,1220,1371
1985,Sevilla,580591,1743339,887907,4810,36686,19770,3273103,29617,1201
1985,Tarragona,15677979,4632678,754964,9942,148201,6014,21229778,18327,2566
1985,Valencia,1524030,2996598,4269760,2257,187416,0,8980061,305230,3863
1985,Vigo,731773,542073,948674,196931,300268,147635,2867354,33911,1813
1985,Vilagarcía,37997,191671,129890,42364,11620,954,414496,0,640
1984,A Coruña,6232886,1316010,465238,115820,363400,0,8493354,399,2296
1984,Alicante,738354,1076723,681874,8009,34064,0,2539024,60109,1329
1984,Almería-Motril,220261,5624779,105332,14886,49907,0,6015165,0,840
1984,Avilés,238496,2602592,1485834,13674,58272,0,4398868,0,997
1984,Bahía de Algeciras,13479918,289136,4616262,33808,495935,716025,19631084,341887,8519
1984,Bahía de Cádiz,1612197,782662,1217280,46061,395538,0,4053738,98620,1788
1984,Baleares,675837,239789,1962798,2136,354772,0,3235332,83720,3133
1984,Barcelona,5410763,7218914,5524413,7635,456090,0,18617815,325592,6818
1984,Bilbao,13599390,5320469,4713525,218,689459,1742356,26065417,154692,3680
1984,C.A.G.P,1318448,5645486,3534612,131560,119962,15790,10765858,78426,8407
1984,Cartagena,8347220,1408098,663715,1253,133745,10594,10564625,19864,1619
1984,Castellón,6039725,217029,843509,10252,78676,0,7189191,8744,923
1984,Ceuta ,1664888,20781,515831,1383,1281602,0,3484485,1767,9313
1984,Ferrol-S. Cibrao  ,32440,950476,233649,1201,50273,361,1268400,27,483
1984,Gijón,1245588,9141548,522047,3275,100232,2878,11015568,1606,1108
1984,Huelva,4816471,4201487,464922,33802,86615,95,9603392,62,1609
1984,Las Palmas,2344017,460328,2282708,311800,1924859,0,7323712,98794,9228
1984,Málaga,5625470,497546,539018,11544,90742,0,6764320,3955,1361
1984,Marín y Ría de Pontevedra,17694,186572,148198,13424,62843,0,428731,24,371
1984,Melilla,33909,44220,256703,2949,39643,0,377424,2338,833
1984,Pasaia,950396,697287,2762572,24110,108321,2159,4544845,3731,1684
1984,Santa Cruz de Tenerife,9770117,581996,1767858,70893,1274766,0,13465630,90344,7232
1984,Santander,994790,1689635,671208,7203,108248,0,3471084,1516,1245
1984,Sevilla,746414,1017301,1516197,4851,37266,19525,3341554,18324,1285
1984,Tarragona,16041997,4509056,745526,8970,162552,0,21468101,13946,2467
1984,Valencia,1587157,3231817,3813529,2627,181157,0,8816287,282508,3816
1984,Vigo,711250,502334,824030,173743,301870,130781,2644008,31309,1523
1984,Vilagarcía,33250,190012,119547,33270,11561,13338,400978,0,745
1983,A Coruña,5926483,1519039,400701,97637,377367,0,8321227,65,2417
1983,Alicante,775755,1220823,700061,9887,46469,0,2752995,60131,1557
1983,Almería-Motril,244364,4389337,108550,15043,70945,0,4828239,0,923
1983,Avilés,339774,2966868,1473722,13835,62909,0,4857108,0,1236
1983,Bahía de Algeciras,12943944,218129,3712593,38839,375641,644623,17933769,290348,8248
1983,Bahía de Cádiz,2580079,486026,1279249,44355,425564,0,4815273,89566,1994
1983,Baleares,642912,234404,1921095,2225,379092,0,3179728,79733,3390
1983,Barcelona,5789896,8562371,5145163,10634,418271,0,19926335,242113,6971
1983,Bilbao,13487549,5845417,3628403,341,711060,2074900,25747670,127106,3859
1983,C.A.G.P,1304838,8592991,3697785,163216,205468,13490,13977788,85806,10725
1983,Cartagena,9905064,1865120,515729,2115,131691,22713,12442432,12750,1725
1983,Castellón,5564440,205959,1114416,10662,59167,0,6954644,11979,969
1983,Ceuta ,3671652,25981,531285,1440,1150414,0,5380772,585,9400
1983,Ferrol-S. Cibrao  ,46819,627234,291182,1196,43763,6347,1016541,0,503
1983,Gijón,1362215,8242745,590507,2207,102969,446,10301089,2051,1199
1983,Huelva,4976430,3989292,578375,34522,107684,0,9686303,153,1610
1983,Las Palmas,2311304,485690,2184908,282003,1675258,0,6939163,79910,9242
1983,Málaga,5836440,625779,539453,18230,97992,0,7117894,4433,1579
1983,Marín y Ría de Pontevedra,3185,248761,151043,35946,65074,12160,516169,473,286
1983,Melilla,31630,32833,239176,2824,39576,0,346039,2446,1054
1983,Pasaia,1114603,969232,2910239,21994,139429,9760,5165257,2089,1956
1983,Santa Cruz de Tenerife,11411951,632860,1795535,72751,1487657,0,15400754,101879,7501
1983,Santander,1064587,1743007,750659,7262,106956,0,3672471,4139,1294
1983,Sevilla,738408,1474623,1335839,6344,40672,19870,3615756,21985,1334
1983,Tarragona,18585486,5885480,709888,10416,144108,17566,25352944,11356,2477
1983,Valencia,1659517,3469212,3164233,3252,176008,0,8472222,200627,3819
1983,Vigo,710194,513666,746982,142695,273445,108899,2495881,26242,1765
1983,Vilagarcía,35304,189063,138978,23936,10610,495690,893581,0,1646
1982,A Coruña,5204920,1409668,293766,110983,393749,0,7413086,260,1942
1982,Alicante,841329,1130412,724076,10618,50755,0,2757190,60797,1644
1982,Almería-Motril,292472,4015747,228856,15977,54952,0,4608004,0,882
1982,Avilés,375079,2701091,1303752,13635,68031,0,4461588,0,1280
1982,Bahía de Algeciras,14440479,143709,3760190,50715,379280,476779,19251152,285643,8111
1982,Bahía de Cádiz,609705,351423,836736,29216,282878,0,2109958,52048,1458
1982,Baleares,759304,211538,1704829,2010,451824,0,3129505,73952,3466
1982,Barcelona,5500804,7754825,4774970,12404,367731,0,18410734,212701,6965
1982,Bilbao,11504975,5750192,4089117,241,613055,2045534,24003114,113813,4027
1982,C.A.G.P,1227033,7942891,4172210,336842,466701,223526,14369203,74490,19153
1982,Cartagena,12406631,1917268,330551,1825,136782,15726,14808783,11116,1890
1982,Castellón,5369931,180109,1019314,12235,54449,0,6636038,10346,973
1982,Ceuta ,2618924,22861,486732,1573,923074,0,4053164,707,9253
1982,Ferrol-S. Cibrao  ,81404,486049,203933,1891,48492,5772,827541,0,496
1982,Gijón,1360543,9476781,667676,3451,105261,675,11614387,737,1255
1982,Huelva,5088094,3749892,474951,35879,110028,1238,9460082,315,1498
1982,Las Palmas,1653979,365293,2233609,353446,1803270,0,6409597,86923,9247
1982,Málaga,5396391,688462,654078,12451,118480,0,6869862,784,1597
1982,Marín y Ría de Pontevedra,0,313480,150495,19743,63969,16458,564145,0,269
1982,Melilla,38750,26635,254355,4291,47287,0,371318,2057,1093
1982,Pasaia,1177915,1251503,2809747,22551,132539,54852,5449107,1822,1860
1982,Puerto Sta. María,42914,249488,306601,10054,94602,0,703659,8540,337
1982,Santa Cruz de Tenerife,9768226,577186,1624686,75073,1189152,0,13234323,84931,7775
1982,Santander,1021352,1937463,560505,6674,103465,0,3629459,3925,1252
1982,Sevilla,837046,1295480,1232405,6192,49327,19488,3439938,14946,1364
1982,Tarragona,12547327,5671913,545125,9927,141727,25827,18941846,8638,2325
1982,Valencia,1677361,3479274,3097120,2872,194421,0,8451048,188437,3910
1982,Vigo,700200,684332,679832,169690,275808,113565,2623427,17330,1834
1982,Vilagarcía,44620,233888,125174,19803,8917,578087,1010489,0,2108
1981,A Coruña,6516418,1244941,423672,111760,376676,0,8673467,336,2121
1981,Alicante,834230,302360,1482920,10930,45047,0,2675487,61618,1719
1981,Almería-Motril,359612,4018445,115853,11554,57707,0,4563171,0,914
1981,Avilés,359769,2573883,1706808,13813,68015,0,4722288,0,1457
1981,Bahía de Algeciras,15986890,134582,3364549,43552,410808,531519,20471900,287553,9145
1981,Bahía de Cádiz,85217,326917,770441,29991,263359,0,1475925,41160,1407
1981,Baleares,850021,192908,1572563,2104,387626,0,3005222,77934,3661
1981,Barcelona,5973328,7297366,4459814,14668,400045,0,18145221,207748,7043
1981,Bilbao,10582283,5411096,3990216,561,593091,2050316,22627563,103308,4136
1981,C.A.G.P,1230605,8442000,4012299,374981,470822,236943,14767650,77656,20233
1981,Cartagena,11068150,1466411,412450,1477,213956,121683,13284127,12263,2179
1981,Castellón,5232554,184116,651156,8553,62910,0,6139289,8382,801
1981,Ceuta ,2847824,26767,466671,1266,610498,0,3953026,708,9468
1981,Ferrol-S. Cibrao  ,105530,327105,321063,1618,76387,7605,839308,0,704
1981,Gijón,1555806,10098283,732958,3221,118602,6610,12515480,514,1345
1981,Huelva,5975321,4347563,476956,36207,102510,0,10938557,34,1701
1981,Las Palmas,1726896,324548,2299463,323274,2017817,0,6691998,60128,9413
1981,Málaga,6096189,680203,822188,14036,124572,0,7737188,886,1709
1981,Marín y Ría de Pontevedra,3366,163426,205555,9415,69275,14980,466017,0,276
1981,Melilla,29557,31255,233710,5007,37780,0,337309,1558,1128
1981,Pasaia,1322062,1187384,2366261,22293,133441,91184,5122625,2643,1979
1981,Puerto Sta. María,79836,244133,267667,10770,98017,0,700423,9010,332
1981,San Esteban de Pravia,0,0,31270,31,4019,0,35320,0,16
1981,Santa Cruz de Tenerife,10872670,575466,1649870,69829,1249535,0,14417370,70218,7574
1981,Santander,1163763,2103002,746767,7759,108658,0,4129949,4079,1540
1981,Sevilla,872308,1500454,1022929,4133,35708,19488,3455020,16310,1321
1981,Tarragona,13224587,6167817,716625,9992,202008,8457,20329486,10251,2308
1981,Valencia,1676677,3253981,3319125,2452,190311,0,8442546,178017,3899
1981,Vigo,718462,427930,588963,193706,320034,140176,2389271,19579,1696
1981,Vilagarcía,43158,292867,148897,18429,11071,644631,1159053,0,2232
1980,A Coruña,6550902,1253881,909862,108952,474608,0,9298205,1177,2439
1980,Alicante,888694,174402,1450304,8964,29812,0,2552176,58222,1753
1980,Almería-Motril,417893,3970393,141507,9799,50403,0,4589995,0,829
1980,Avilés,355434,3286032,1419203,11045,70752,0,5142466,0,1542
1980,Bahía de Algeciras,18704239,128812,2979744,40360,454607,646512,22954274,240488,9207
1980,Bahía de Cádiz,100845,208281,742888,26467,206750,0,1285231,44631,1449
1980,Baleares,846351,201957,1616063,2229,427117,0,3093717,93965,4142
1980,Barcelona,6134766,5918024,4311626,19998,454493,0,16838907,186470,7518
1980,Bilbao,13124191,5084145,3603993,871,666873,1753951,24234024,89999,4111
1980,C.A.G.P,2665090,8585880,4366853,377267,535946,242773,16773809,88255,21790
1980,Cartagena,11672887,1381971,405996,1094,281502,23767,13767217,8912,2313
1980,Castellón,4579060,201868,662543,7617,57781,0,5508869,12648,857
1980,Ceuta ,1258112,39012,536521,1578,668820,0,2504043,840,9266
1980,Ferrol-S. Cibrao  ,130436,451214,224164,1925,49413,7154,864306,0,532
1980,Gijón,1965820,9663842,758303,2901,165815,1740,12558421,491,1846
1980,Huelva,5244678,4249660,390716,40536,152306,0,10077896,751,1792
1980,Las Palmas,1415199,376514,2329786,256733,1615087,0,5993319,64224,8894
1980,Málaga,6588975,712887,717141,13758,137972,0,8170733,4018,1820
1980,Marín y Ría de Pontevedra,1650,197033,210747,9233,73015,19012,510690,0,240
1980,Melilla,40516,75331,207926,3970,30923,0,358666,856,1159
1980,Pasaia,1393020,1015691,2536571,37184,180934,69848,5233248,4065,2089
1980,Puerto Sta. María,59680,204828,247752,10921,90505,0,613686,9526,283
1980,San Esteban de Pravia,0,0,22221,36,3664,0,25921,0,13
1980,Santa Cruz de Tenerife,10589669,535263,1778545,109854,1566724,0,14580055,80426,7545
1980,Santander,1630837,1914724,754924,9033,100468,0,4409986,2665,1831
1980,Sevilla,1033577,1414304,881037,8793,57127,19488,3414326,22505,1393
1980,Tarragona,14076471,4522829,859139,11136,339237,23318,19832130,5021,2403
1980,Valencia,2073846,2913048,2834002,3590,179538,0,8004024,117916,4317
1980,Vigo,789089,418300,658271,178702,358273,142133,2544768,19299,1845
1980,Vilagarcía,42443,294891,166200,10493,11621,727428,1253076,0,2264
1979,A Coruña,5876609,1168093,374527,112840,480236,0,8012305,1204,2020
1979,Alicante,975138,179864,1328700,10316,39280,0,2533298,61319,1944
1979,Almería-Motril,381000,3887521,285116,11645,56253,0,4621535,0,906
1979,Avilés,447546,3359515,1615441,10122,74987,0,5507611,4,1704
1979,Bahía de Algeciras,15145700,113483,2833889,40551,483891,728238,19345752,234863,9257
1979,Bahía de Cádiz,149462,161680,690941,30691,215182,20362,1268318,33750,1701
1979,Baleares,931676,295894,1600598,2723,395852,0,3226743,79317,4471
1979,Barcelona,5983677,4994174,4847572,18375,472794,1764702,18081294,176581,7794
1979,Bilbao,14986792,4838680,4053307,991,589744,0,24469514,87869,4612
1979,C.A.G.P,2465960,4677564,2879954,375552,509289,207805,11116124,79721,17846
1979,Cartagena,12379998,1263648,571493,1344,314423,1974,14532880,11089,2448
1979,Castellón,3925074,141346,846705,7710,101736,0,5022571,16003,893
1979,Ceuta ,663026,28011,509650,2058,710823,5743,1919311,1729,8828
1979,Ferrol-S. Cibrao  ,129640,536164,122529,2296,43235,981,834845,0,580
1979,Gijón,1965288,9542211,804795,2946,194624,0,12509864,479,1710
1979,Huelva,5706551,4266643,322186,38167,151736,0,10485283,0,1719
1979,Las Palmas,1225419,432166,2245223,271068,1509231,0,5683107,62387,8690
1979,Málaga,7011559,618559,646536,14677,104216,0,8395547,3798,1890
1979,Marín y Ría de Pontevedra,3114,225616,180324,9602,69257,27144,515057,0,246
1979,Melilla,43540,92063,261636,5955,33031,0,436225,350,1272
1979,Pasaia,1466433,1091997,2053197,39608,199105,1956,4852296,3018,1692
1979,Puerto Sta. María,28896,134066,294984,10061,95059,0,563066,9632,291
1979,San Esteban de Pravia,0,643,57338,44,3676,0,61701,0,3
1979,Santa Cruz de Tenerife,9470625,689589,1949775,81016,1654520,0,13845525,73869,7542
1979,Santander,1777540,1909290,798164,9584,119853,0,4614431,3031,1948
1979,Sevilla,1166422,1327945,779428,6275,69422,19488,3368980,21556,1377
1979,Tarragona,12346644,3391638,926907,11081,361921,37043,17075234,758,1879
1979,Valencia,2066680,2267844,2529750,2516,125338,0,6992128,97324,3886
1979,Vigo,743464,378297,552969,175983,346563,146507,2343783,22374,1991
1979,Vilagarcía,35378,300644,121154,20498,9027,737557,1224258,0,2248
1978,A Coruña,6025832,994891,210045,115913,447693,0,7794374,1330,1938
1978,Alicante,974700,198240,1262413,11129,65169,0,2511651,56586,1816
1978,Almería-Motril,414416,3511718,366006,8762,45980,0,4346882,0,857
1978,Avilés,393591,3258257,1919423,11565,67085,0,5649921,0,2034
1978,Bahía de Algeciras,11153017,82408,2101365,51249,326790,427574,14142403,149702,8695
1978,Bahía de Cádiz,124919,116701,661359,25792,164286,0,1093057,34385,1895
1978,Baleares,880351,226183,1584835,2332,445793,0,3139494,70766,4302
1978,Barcelona,5457655,4376320,5029693,16059,472006,0,15351733,172927,7996
1978,Bilbao,9659720,4466883,3866847,1746,635598,1822939,20453733,83841,4980
1978,C.A.G.P,2487675,3681336,3187210,376557,478311,167372,10378461,81812,18250
1978,Cartagena,10371019,1050576,526935,1199,263146,22452,12235327,12136,2195
1978,Castellón,4586139,179195,787465,6361,67762,0,5626922,15351,977
1978,Ceuta ,808483,39058,497457,2616,833909,0,2181523,1104,9639
1978,Ferrol-S. Cibrao  ,109446,521192,89172,1678,48637,817,770942,0,541
1978,Gijón,1775882,8916041,814919,2738,180082,88,11689750,121,1827
1978,Huelva,6228458,4490160,536781,51615,173879,6033,11486926,43,1974
1978,Las Palmas,1423087,323673,2245407,302285,1678406,0,5972858,64184,9378
1978,Málaga,6212153,719070,467548,16328,116753,0,7531852,3409,1875
1978,Marín y Ría de Pontevedra,4500,216599,157244,10228,64687,34964,488222,0,261
1978,Melilla,41368,89033,368044,8788,32806,0,540039,257,1250
1978,Pasaia,1323331,820282,1825520,53541,211029,1915,4235618,2688,1706
1978,Puerto Sta. María,2611,210001,383612,9356,87156,0,692736,20413,450
1978,San Esteban de Pravia,0,3260,30803,100,706,0,34869,0,43
1978,Santa Cruz de Tenerife,11718580,671491,1780367,102488,1573817,0,15846743,83292,7747
1978,Santander,1851952,1620550,801453,12948,104293,0,4391196,1095,1861
1978,Sevilla,1213936,1302319,799466,10964,60845,19488,3407018,19462,1383
1978,Tarragona,13238564,3219388,1079566,11884,358603,19738,17927743,2486,2211
1978,Valencia,2014282,2521329,2397572,1981,110000,0,7045164,81224,4216
1978,Vigo,775653,385749,502201,183188,304160,127481,2278432,17218,2025
1978,Vilagarcía,38635,230398,122427,11313,7796,695606,1106175,0,2245
1977,A Coruña,6562244,913101,150715,112589,462315,0,8200964,194,1416
1977,Alicante,880345,207208,1150107,10343,34736,0,2282739,53607,1948
1977,Almería-Motril,394322,2938732,251227,8864,45739,0,3638884,0,827
1977,Avilés,521644,3377462,1855245,11178,71077,0,5836606,0,2345
1977,Bahía de Algeciras,10347673,80278,1697825,57217,219890,274502,12677385,126821,7409
1977,Bahía de Cádiz,110163,191447,787767,32380,194759,0,1316516,63668,2067
1977,Baleares,985712,236869,1501230,2629,370372,0,3096812,91890,4742
1977,Barcelona,5346855,4087425,5669957,16499,479249,0,15599985,146150,8905
1977,Bilbao,9635686,4863078,3991410,2007,651364,1966927,21110472,81165,5401
1977,C.A.G.P,744587,3134197,2878873,431345,451007,152780,7792789,52381,19082
1977,Cartagena,11963610,1243745,433952,1628,276944,19153,13939032,12034,2246
1977,Castellón,4737095,206964,823315,7171,83090,0,5857635,14848,1056
1977,Ceuta ,571341,44759,440279,3083,683651,0,1743113,1165,9242
1977,Ferrol-S. Cibrao  ,151902,583779,116357,1404,46432,14837,914711,0,665
1977,Gijón,1758473,9189893,975254,2722,157985,0,12084327,31,2343
1977,Huelva,6466845,4688731,497428,45624,176819,3516,11878963,801,2076
1977,Las Palmas,1517811,359770,2191207,209443,1656166,0,5934397,61196,9987
1977,Málaga,6036900,603891,518319,11994,95020,0,7266124,3284,1803
1977,Marín y Ría de Pontevedra,1430,251198,126996,11119,68923,51519,511185,0,245
1977,Melilla,44869,476312,403751,7679,36832,0,969443,409,1223
1977,Pasaia,1377977,1049986,1660174,57646,207858,3962,4357603,3113,1850
1977,Puerto Sta. María,0,99018,518271,40,52922,0,670251,26941,479
1977,San Esteban de Pravia,0,22590,30331,9208,919,0,63048,0,64
1977,Santa Cruz de Tenerife,11984364,653563,1748949,81509,1581903,0,16050288,62712,8082
1977,Santander,1864865,1729722,888821,12631,122572,0,4618611,814,2433
1977,Sevilla,1152902,1203547,896025,10145,72793,19488,3354900,13117,1416
1977,Tarragona,12169092,2914638,989521,11357,268582,1982,16355172,1186,2272
1977,Valencia,1977980,2147339,2469482,3031,101618,0,6699450,75059,4359
1977,Vigo,684696,476011,523991,174036,311528,140943,2311205,22295,2405
1977,Vilagarcía,39881,277903,149930,17623,8109,639398,1132844,0,2348
1976,A Coruña,6291302,939374,141002,110374,461583,0,7943635,30,1203
1976,Alicante,846427,267253,819375,9554,35189,0,1977798,53009,1957
1976,Almería-Motril,417846,2363837,80966,11826,53589,0,2928064,0,882
1976,Avilés,474069,2884745,1686790,10934,92291,0,5148829,0,2439
1976,Bahía de Algeciras,11609630,78161,1147663,57829,140474,228504,13262261,71313,6469
1976,Bahía de Cádiz,70271,241737,522977,37772,158104,0,1030861,45926,1868
1976,Baleares,914140,150304,1208280,2423,442770,0,2717917,57967,5075
1976,Barcelona,5388384,3243753,4766558,14544,403172,0,13816411,138182,9011
1976,Bilbao,9725114,5634676,4546700,1788,617323,1000226,21525827,72399,5654
1976,C.A.G.P,684301,2800817,2237182,383254,446922,152517,6704993,46802,21422
1976,Cartagena,12322977,898234,387389,1508,180645,26499,13817252,11500,2179
1976,Castellón,5484564,235702,786876,8197,66491,0,6581830,14654,1056
1976,Ceuta ,536158,27192,323454,3217,657919,0,1547940,643,8394
1976,Ferrol-S. Cibrao  ,127894,582893,174951,1444,41205,19200,947587,71,857
1976,Gijón,1984854,9914356,1291909,4773,193287,474,13389653,497,2634
1976,Huelva,6058348,3891909,378907,54354,163483,0,10547001,2538,1854
1976,Las Palmas,1386710,322264,1758039,199816,1676791,0,5343620,44222,8654
1976,Málaga,6672295,530184,413538,19914,101781,0,7737712,3606,1833
1976,Marín y Ría de Pontevedra,5295,235898,99973,10536,79977,102594,534273,0,270
1976,Melilla,34173,370252,263257,6706,38881,0,713269,571,1155
1976,Pasaia,1608245,601414,1565518,69998,241025,2070,4088270,2791,1795
1976,Puerto Sta. María,0,50592,384421,6911,47986,0,489910,20275,439
1976,San Esteban de Pravia,0,36918,54875,95,1129,0,93017,0,83
1976,Santa Cruz de Tenerife,10845999,641471,1583353,51266,1559074,0,14681163,56320,7909
1976,Santander,1846875,1860182,804001,14646,142249,0,4667953,1058,2485
1976,Sevilla,1289384,1167764,632861,13661,67586,19488,3190744,12781,1463
1976,Tarragona,12148455,2809740,912425,11418,235237,0,16117275,2576,2668
1976,Valencia,2046590,1893936,2186959,3627,97136,0,6228248,63593,4785
1976,Vigo,619861,723269,432448,184648,285514,143878,2389618,18440,2467
1976,Vilagarcía,34887,282981,124066,13610,4905,576723,1037172,0,2363
1975,A Coruña,6312104,974752,109527,108722,413922,0,7919027,61,1202
1975,Alicante,802772,224198,934626,10091,37574,0,2009261,38402,2185
1975,Almería-Motril,311242,2298901,68677,8007,51158,0,2737985,0,701
1975,Avilés,439529,3199471,2093670,9831,98100,0,5840601,0,2731
1975,Bahía de Algeciras,10316940,62249,672329,52714,126772,190530,11421534,19495,5507
1975,Bahía de Cádiz,76693,146609,565412,45108,171183,0,1005005,30745,1687
1975,Baleares,873816,154441,1083780,2146,389918,0,2504101,32552,4835
1975,Barcelona,4696633,2882571,4071718,14190,420085,0,12085197,63921,9110
1975,Bilbao,9184337,5393857,4105529,2105,506432,1547649,20739909,52518,6251
1975,C.A.G.P,693161,2381195,1817509,312835,426292,144972,5775964,28196,20867
1975,Cartagena,13086647,1014699,253634,1107,269401,18933,14644421,6735,2302
1975,Castellón,5232506,174381,373299,7933,81264,0,5869383,12311,939
1975,Ceuta ,575138,64250,270743,1848,620298,0,1532277,26,7297
1975,Ferrol-S. Cibrao  ,139216,534164,265539,1936,59839,9216,1009910,1,837
1975,Gijón,1835466,9328678,1144834,4931,238206,1286,12553401,2040,2786
1975,Huelva,6149297,4317412,297470,54551,167736,86174,11072640,0,2006
1975,Las Palmas,1768404,258837,1743329,181029,2047738,0,5999337,41744,9407
1975,Málaga,6285184,588342,550743,12080,109480,0,7545829,167,1914
1975,Marín y Ría de Pontevedra,14069,194645,105524,10230,77230,213110,614808,0,298
1975,Melilla,37999,319137,155671,5164,35251,0,553222,0,1062
1975,Pasaia,1441699,514328,1297610,65155,242851,3439,3565082,2156,1815
1975,Puerto Sta. María,0,5534,256677,7656,42885,0,312752,10483,371
1975,San Esteban de Pravia,0,59429,31702,82,1315,0,92528,0,143
1975,Santa Cruz de Tenerife,10453674,557106,1476461,42751,1281186,0,13811178,37645,7746
1975,Santander,1632087,2079399,747759,13689,161389,0,4634323,404,2524
1975,Sevilla,1188570,1472864,754991,13304,80450,19488,3529667,3929,1621
1975,Tarragona,4499086,2870453,739343,14558,175272,0,8298712,12576,2590
1975,Valencia,1643266,2121322,1231300,4234,102805,0,5102927,28883,4567
1975,Vigo,713177,771807,362891,184612,281944,140394,2454825,9535,2202
1975,Vilagarcía,37868,242994,87688,6056,4637,503306,882549,0,2276
1974,A Coruña,7262693,925063,124809,99253,469073,355,8881246,4,1437
1974,Alicante,826634,290413,899545,8524,37178,0,2062294,39897,2192
1974,Almería-Motril,346281,2988489,102018,8592,53210,0,3498590,0,821
1974,Avilés,437757,3588447,2430917,8674,92289,0,6558084,0,3066
1974,Bahía de Algeciras,11206989,69274,439098,56955,112467,197023,12081806,0,6105
1974,Bahía de Cádiz,60892,124610,638165,44178,180112,0,1047957,39653,1783
1974,Baleares,834983,315019,1087055,1853,338850,0,2577760,7355,5243
1974,Barcelona,5288905,2672399,3880758,11174,374017,0,12227253,45694,8471
1974,Bilbao,9891182,5589181,4039840,1627,501542,1476591,21499963,53483,6393
1974,C.A.G.P,768968,2331024,1783866,310440,436053,172495,5802846,17196,18054
1974,Cartagena,14546803,1065590,323901,1123,281646,31866,16250929,7159,2352
1974,Castellón,6493007,271935,334426,7715,103007,0,7210090,11275,1020
1974,Ceuta ,588466,13426,299402,2801,644801,0,1548896,0,7908
1974,Ferrol-S. Cibrao  ,119221,496925,312261,1852,61457,9425,1001141,0,1012
1974,Gijón,1862716,9312679,836347,5013,117257,52282,12186294,1303,2781
1974,Huelva,6661552,3689901,230911,49090,166965,119459,10917878,0,1949
1974,Las Palmas,2105149,182849,1728898,318647,2425629,0,6761172,36756,9588
1974,Málaga,7121272,619232,360160,16576,110234,0,8227474,9888,2050
1974,Marín y Ría de Pontevedra,25016,295192,164151,8063,77681,209761,779864,0,389
1974,Melilla,38467,561009,152772,5715,33066,0,791029,0,1155
1974,Pasaia,1505237,740204,1684860,65987,237686,3459,4237433,2075,2387
1974,Puerto Sta. María,0,64345,231821,8149,48138,0,352453,0,386
1974,San Esteban de Pravia,0,86005,1514,79,1456,0,89054,11163,298
1974,Santa Cruz de Tenerife,13001971,529363,1332222,39772,1249500,0,16152828,29354,7896
1974,Santander,1703143,1633777,828245,8401,192366,0,4365932,335,2608
1974,Sevilla,1157874,1229913,814902,12982,75362,19488,3310521,2535,1666
1974,Tarragona,3390669,2570223,640717,11022,142280,0,6754911,20324,2366
1974,Valencia,1783518,2178131,1255688,2811,105171,0,5325319,21209,4376
1974,Vigo,742584,950403,387241,178082,283641,153784,2695735,6976,2057
1974,Vilagarcía,39113,163009,119110,8004,7280,417544,754060,0,2343
1973,A Coruña,6364678,708815,130729,110586,378650,535,7693993,0,1490
1973,Alicante,767803,316222,799627,8371,41776,0,1933799,15397,2200
1973,Almería-Motril,357146,2167939,113242,8677,59366,0,2706370,0,825
1973,Avilés,420080,3848507,2093693,10684,105205,0,6478169,54,3260
1973,Bahía de Algeciras,9705336,21130,414201,49356,311339,196281,10697643,0,5652
1973,Bahía de Cádiz,0,122512,541215,42595,144943,0,851265,36183,1893
1973,Baleares,864501,435595,1126220,1732,381943,0,2809991,8249,5492
1973,Barcelona,5085023,2635394,3671132,10102,400869,0,11802520,35503,8857
1973,Bilbao,9563194,5475667,3681139,1913,516289,1491981,20730183,49229,7174
1973,C.A.G.P,727390,1976827,2201210,297809,424254,115891,5743381,3706,18474
1973,Cartagena,15184670,924035,406799,1306,277338,27112,16821260,7512,2560
1973,Castellón,6102598,208926,368904,6016,121426,0,6807870,9908,970
1973,Ceuta ,742054,9240,289385,1927,789041,0,1831647,0,8443
1973,Ferrol-S. Cibrao  ,84037,391569,219929,2366,45562,8384,751847,0,936
1973,Gijón,1465240,8022554,1066145,4999,123066,47932,10729936,1606,2795
1973,Huelva,5823584,3117905,135266,44654,162326,436051,9719786,0,1794
1973,Las Palmas,2420291,199901,2002875,140826,2650729,0,7414622,29841,9882
1973,Málaga,6064227,499673,287612,18941,140699,0,7011152,262,2130
1973,Marín y Ría de Pontevedra,22828,226818,170810,9931,87637,221007,739031,0,411
1973,Melilla,47351,501584,147144,7104,44520,0,747703,0,1155
1973,Pasaia,1306634,841912,1639188,71581,233328,3233,4095876,2257,2484
1973,Puerto Sta. María,0,56908,194874,8901,44982,0,305665,9458,456
1973,San Esteban de Pravia,0,139093,187,173,2256,0,141709,0,342
1973,Santa Cruz de Tenerife,12120213,252413,1760649,23202,1459413,0,15615890,22610,8052
1973,Santander,1619923,1296926,675006,12161,167781,0,3771797,703,2508
1973,Sevilla,1309342,1148304,725060,14224,83720,19488,3300138,1314,1655
1973,Tarragona,3104661,2119965,789436,8289,103350,0,6125701,16367,2585
1973,Valencia,1576955,2151018,1368968,2646,95055,0,5194642,19004,4839
1973,Vigo,703478,836377,285268,183828,288462,214280,2511693,1763,2112
1973,Vilagarcía,34437,89789,105606,9831,8028,397722,645413,0,2260
1972,A Coruña,6914215,681952,140761,96332,419815,0,8253075,0,1577
1972,Alicante,606378,243170,581856,7916,41116,0,1480436,0,2203
1972,Almería-Motril,342479,2418151,97098,7031,51076,0,2915835,0,872
1972,Avilés,317444,4200600,2184135,10521,159908,0,6872608,0,3204
1972,Bahía de Algeciras,8792524,10189,387129,55862,90343,88456,9424503,0,4654
1972,Bahía de Cádiz,0,144239,270437,32533,153852,0,601061,0,2012
1972,Baleares,801525,401003,744959,1620,359582,0,2308689,0,5819
1972,Barcelona,4415826,2419623,3060267,8514,332106,0,10236336,0,9235
1972,Bilbao,4652629,5854368,2809634,2179,303167,1520472,15142449,0,7145
1972,C.A.G.P,632711,1603872,2185205,290593,372561,107068,5192010,0,20175
1972,Cartagena,15435756,840830,283927,1772,272088,25506,16859879,0,2535
1972,Castellón,6301045,184436,294039,6740,134689,68554,6989503,0,947
1972,Ceuta ,567816,8799,255315,2068,660431,0,1494429,0,7008
1972,Ferrol-S. Cibrao  ,88985,364643,158017,5403,53550,12908,683506,0,855
1972,Gijón,1154393,6127755,788865,4973,144425,8886,8229297,0,2749
1972,Huelva,6021640,2897160,117355,40206,152472,367096,9595929,0,1783
1972,Las Palmas,2301523,156132,1952010,274829,2564138,560,7249192,0,9601
1972,Málaga,4040544,310634,304555,14879,124610,0,4795222,0,2179
1972,Marín y Ría de Pontevedra,15419,212774,148094,10320,81555,221349,689511,0,410
1972,Melilla,42396,320498,159903,9546,37765,0,570108,0,1168
1972,Pasaia,1200347,1072306,1622197,87518,214853,1838,4199059,0,2708
1972,Puerto Sta. María,0,41220,80069,9741,45487,0,176517,0,488
1972,San Esteban de Pravia,0,161600,1,446,3545,0,165592,0,363
1972,Santa Cruz de Tenerife,13269658,187978,1639013,24835,1577277,0,16698761,0,8368
1972,Santander,1545770,1222662,722973,10961,171497,0,3673863,0,2589
1972,Sevilla,1364074,1094843,501928,16771,72420,19488,3069524,0,1646
1972,Tarragona,2687861,2063211,504739,10082,85425,0,5351318,0,2393
1972,Valencia,1502629,1755248,1292668,2398,91516,0,4644459,0,5222
1972,Vigo,576602,861119,266318,187021,268564,199643,2359267,0,2095
1972,Vilagarcía,22589,65419,113936,9312,7812,329931,548999,0,2278
1971,A Coruña,6444776,622205,89406,104010,385227,149,7645773,0,1663
1971,Alicante,511394,275284,682215,6863,38625,0,1514381,0,2202
1971,Almería-Motril,310117,2189017,94859,7920,78635,0,2680548,0,942
1971,Avilés,146742,4452802,2101349,10779,138442,6150,6856264,0,3204
1971,Bahía de Algeciras,8303381,3050,280509,49872,82617,84039,8803468,0,3738
1971,Bahía de Cádiz,0,114440,395084,31651,169102,0,710277,0,1866
1971,Baleares,676495,324845,924631,1574,362808,0,2290353,0,6333
1971,Barcelona,4033990,2154246,3147144,6399,284438,0,9626217,0,9143
1971,Bilbao,2765301,5433409,3220425,2365,332934,1241346,12995780,0,7395
1971,C.A.G.P,513414,1801097,1851631,309746,373111,100900,4949899,0,18875
1971,Cartagena,14997746,569250,258508,1868,336036,43065,16206473,0,2297
1971,Castellón,5785347,153600,240970,7570,124478,85847,6397812,0,936
1971,Ceuta ,539351,8301,212979,2454,597005,0,1360090,0,6205
1971,Ferrol-S. Cibrao  ,67372,381662,178663,8348,45704,75519,757268,0,769
1971,Gijón,1063516,4837836,527066,6925,142481,5666,6583490,0,2955
1971,Huelva,6825063,2761938,150778,44143,167641,15735,9965298,0,1532
1971,Las Palmas,2179281,161594,1702274,237621,2516569,0,6797339,0,9760
1971,Málaga,3783504,370623,270732,17846,123846,0,4566551,0,2191
1971,Marín y Ría de Pontevedra,22367,191140,143039,11026,80975,218425,666972,0,388
1971,Melilla,35770,473723,163410,8373,47917,0,729193,0,1210
1971,Pasaia,1105586,1146833,1188425,94942,213145,0,3748931,0,2757
1971,Puerto Sta. María,0,11124,86857,9163,35127,0,142271,0,295
1971,San Esteban de Pravia,0,205367,0,453,4894,0,210714,0,459
1971,Santa Cruz de Tenerife,13357015,176986,1457402,24933,1547591,0,16563927,0,8062
1971,Santander,1499489,1093546,629715,11803,159982,0,3394535,0,2680
1971,Sevilla,1310084,845155,554175,14355,71566,19488,2814823,0,1754
1971,Tarragona,2644408,1831130,511962,7247,64045,3608,5062400,0,2471
1971,Valencia,1519536,1550440,1285946,1279,82101,0,4439302,0,5062
1971,Vigo,529248,900056,246739,182617,291910,189884,2340454,0,1943
1971,Vilagarcía,18973,53045,93730,8935,4786,254115,433584,0,2254
1970,A Coruña,5972288,664359,84862,96614,365700,549,7184372,0,1599
1970,Alicante,443415,262857,660243,7696,30576,0,1404787,0,2014
1970,Almería-Motril,359209,1000150,92019,6195,42784,0,1500357,0,923
1970,Avilés,80779,3804310,1959854,8486,122940,0,5976369,0,3369
1970,Bahía de Algeciras,7857972,2759,256814,40519,70151,45916,8274131,0,3231
1970,Bahía de Cádiz,0,1758336,474254,36434,153560,55,2422639,0,1815
1970,Baleares,520539,435786,789156,1679,281488,0,2028648,0,5899
1970,Barcelona,3223813,3666851,2920060,6761,269882,0,10087367,0,8496
1970,Bilbao,2224595,4023561,3317045,3595,310722,1146396,11025914,0,6932
1970,C.A.G.P,511508,2169121,1894558,289431,323543,102718,5290879,0,15745
1970,Cartagena,14940856,445534,318639,2061,297345,34983,16039418,0,2451
1970,Castellón,5324823,319066,232950,10645,57904,45101,5990489,0,951
1970,Ceuta ,611733,8678,188219,3426,706678,0,1518734,0,6058
1970,Ferrol-S. Cibrao  ,73198,330202,205466,11699,48124,97459,766148,0,832
1970,Gijón,779722,4774858,590621,7162,138238,253,6290854,0,2821
1970,Huelva,5463671,2963873,167580,45044,162610,64175,8866953,0,1455
1970,Las Palmas,3035863,185938,1493169,235042,3551116,0,8501128,0,10109
1970,Málaga,3305070,317628,264821,16556,112927,0,4017002,0,2156
1970,Marín y Ría de Pontevedra,25613,144000,125876,12756,93665,229406,631316,0,382
1970,Melilla,38731,828026,175170,8952,50022,0,1100901,0,1276
1970,Pasaia,996385,1225004,1014236,101329,211724,17792,3566470,0,2409
1970,Puerto Sta. María,0,2050,83320,7638,27952,0,120960,0,220
1970,San Esteban de Pravia,0,262684,202,495,5858,0,269239,0,542
1970,Santa Cruz de Tenerife,12862560,127235,1353774,30679,1590391,0,15964639,0,7114
1970,Santander,1341763,1110304,711237,12078,164561,0,3339943,0,2653
1970,Sevilla,1190327,697235,607193,12844,54810,19488,2581897,0,1717
1970,Tarragona,2192242,1618048,581164,6638,43272,6129,4447493,0,2282
1970,Valencia,1418819,1441078,1165225,981,76842,0,4102945,0,4628
1970,Vigo,522667,999961,259915,188630,287880,168509,2427562,0,1964
1970,Vilagarcía,22282,58026,104871,6848,3086,152373,347486,0,2426
1969,A Coruña,4592815,575354,110043,102564,351908,949,5733633,0,1513
1969,Alicante,366427,345728,695018,9212,36700,0,1453085,0,1944
1969,Almería-Motril,291006,2221338,83000,5879,52744,0,2653967,0,928
1969,Avilés,22902,4602057,1478430,9391,116505,0,6229285,0,3141
1969,Bahía de Algeciras,7098232,3486,196774,44477,76586,23628,7443183,0,3359
1969,Bahía de Cádiz,0,107461,402428,38116,177135,562,725702,0,1901
1969,Baleares,448878,265646,787190,1691,259132,0,1762537,0,5245
1969,Barcelona,3283950,2078550,2915396,5350,305230,0,8588476,0,7932
1969,Bilbao,1785045,5035300,2855517,7028,311842,1488928,11483660,0,7239
1969,C.A.G.P,327140,1934070,1515316,266825,288322,94424,4426097,0,15055
1969,Cartagena,11668071,672521,365865,1881,279778,25946,13014062,0,2646
1969,Castellón,5313890,176174,221744,9059,53682,43539,5818088,0,900
1969,Ceuta ,481637,9032,166184,3327,544121,0,1204301,0,5461
1969,Ferrol-S. Cibrao  ,63435,262282,158252,8788,39147,32499,564403,0,826
1969,Gijón,688216,3367085,469973,6206,88121,0,4619601,0,3215
1969,Huelva,4510178,2830541,123284,51484,154744,2152,7672383,0,1277
1969,Las Palmas,2810272,191343,1784423,267185,3412818,0,8466041,0,10127
1969,Málaga,2868112,465558,315568,14603,127624,0,3791465,0,2393
1969,Marín y Ría de Pontevedra,25196,136379,129403,11845,92615,280454,675892,0,418
1969,Melilla,39735,887999,196292,7876,44197,0,1176099,0,1371
1969,Pasaia,890076,1310264,1193269,105278,187308,0,3686195,0,2925
1969,Puerto Sta. María,0,50526,68843,7836,26393,0,153598,0,323
1969,San Esteban de Pravia,0,305604,0,443,7839,0,313886,0,589
1969,Santa Cruz de Tenerife,14741877,163393,1640519,15062,1678835,0,18239686,0,7100
1969,Santander,1215178,1194575,526094,9658,147058,0,3092563,0,2526
1969,Sevilla,1132194,766796,759617,13085,57820,19488,2749000,0,1871
1969,Tarragona,2143643,1659913,581025,4447,41040,128612,4558680,0,2546
1969,Valencia,1222907,1465156,1223096,838,66924,0,3978921,0,4461
1969,Vigo,463181,820608,264163,182386,303859,146345,2180542,0,2022
1969,Vilagarcía,12158,57825,95198,5518,1326,89466,261491,0,2872
1968,A Coruña,4489247,554886,93512,105270,320594,1362,5564871,0,1523
1968,Alicante,358894,261049,548269,10232,39056,0,1217500,0,1333
1968,Almería-Motril,237281,2060649,77979,5691,40797,0,2422397,0,826
1968,Avilés,15974,4126963,1436960,9809,72995,44,5662745,0,3107
1968,Bahía de Algeciras,6599420,1330,144687,42836,76998,4484,6869755,0,4647
1968,Bahía de Cádiz,0,87552,319253,38767,198858,706,645136,0,1815
1968,Baleares,351933,289489,589045,1504,186842,0,1418813,0,4695
1968,Barcelona,2844713,2136652,2848590,4803,418274,0,8253032,0,7621
1968,Bilbao,1566348,4547698,2484421,5726,267347,1362736,10234276,0,7846
1968,C.A.G.P,293458,2107223,1453889,291398,284076,99954,4529998,0,14484
1968,Cartagena,11217251,643383,249384,2221,272672,32997,12417908,0,2562
1968,Castellón,5346448,136838,138789,9813,24682,0,5656570,0,707
1968,Ceuta ,488871,15022,144179,3815,568321,0,1220208,0,5739
1968,Ferrol-S. Cibrao  ,64006,300613,106365,17258,54787,28304,571333,0,743
1968,Gijón,562870,2909651,337938,5855,78126,0,3894440,0,3727
1968,Huelva,3629803,2574779,104192,51819,178335,29254,6568182,0,1286
1968,Las Palmas,2916944,144559,1660420,239781,3503945,0,8465649,0,10212
1968,Málaga,2959488,327970,351485,16151,128742,0,3783836,0,2315
1968,Marín y Ría de Pontevedra,0,148878,121012,13303,95638,295784,674615,0,455
1968,Melilla,29733,745300,167897,8358,33008,0,984296,0,1268
1968,Pasaia,829098,1278438,1029602,106523,182001,1122,3426784,0,3055
1968,Puerto Sta. María,0,40451,56307,9131,23960,866,130715,0,242
1968,San Esteban de Pravia,0,386132,0,485,8128,0,394745,0,771
1968,Santa Cruz de Tenerife,13678917,226717,1244826,16100,1395644,0,16562204,0,6834
1968,Santander,1317921,980114,542390,7626,149426,0,2997477,0,2593
1968,Sevilla,891326,856590,709282,9794,64243,25723,2556958,0,1740
1968,Tarragona,2452902,1493104,575770,3575,48151,279180,4852682,0,2597
1968,Valencia,982909,1432472,1162488,845,60836,0,3639550,0,4375
1968,Vigo,403919,607345,213956,173458,289909,150576,1839163,0,1263
1968,Vilagarcía,12024,41907,95832,6215,850,87804,244632,0,3292
1967,A Coruña,4081757,457746,134231,95534,258462,3118,5030848,0,1554
1967,Alicante,328139,295221,556936,9596,39836,0,1229728,0,2026
1967,Almería-Motril,159660,1336573,100629,5040,34314,0,1636216,0,740
1967,Avilés,6195,3781375,1351518,5551,52319,0,5196958,0,2826
1967,Bahía de Algeciras,1249408,832,147362,48873,178052,0,1624527,0,4351
1967,Bahía de Cádiz,0,67062,336813,39242,197274,1288,641679,0,1980
1967,Baleares,366483,290374,594867,1580,109621,0,1362925,0,4569
1967,Barcelona,2788549,1988963,2184478,4872,264774,0,7231636,0,7677
1967,Bilbao,1202307,3702157,2086204,3515,306691,1200021,8500895,0,6393
1967,C.A.G.P,357621,2284613,1445633,300660,257982,37284,4683793,0,16166
1967,Cartagena,10304203,776811,354231,1751,285775,24565,11747336,0,2749
1967,Castellón,3992616,148632,175252,7022,30806,0,4354328,0,707
1967,Ceuta ,698518,14826,127623,4499,815089,0,1660555,0,6469
1967,Ferrol-S. Cibrao  ,55749,198935,112587,16408,43361,25672,452712,0,784
1967,Gijón,490240,2510250,312571,5704,75346,0,3394111,0,3841
1967,Huelva,2288025,2072043,62426,54099,176479,3761,4656833,0,1062
1967,Las Palmas,2690051,166424,1414009,233468,3342094,0,7846046,0,9004
1967,Málaga,2547523,435137,349814,17601,130318,0,3480393,0,2548
1967,Marín y Ría de Pontevedra,28488,119399,108578,11396,95929,285339,649129,0,476
1967,Melilla,31690,1009126,143378,6240,36120,0,1226554,0,1261
1967,Pasaia,788312,1390608,601390,107964,155464,6518,3050256,0,2974
1967,Puerto Sta. María,0,83689,40978,9456,30260,1477,165860,0,266
1967,San Esteban de Pravia,0,560966,0,794,10892,0,572652,0,884
1967,Santa Cruz de Tenerife,12955970,280901,1279636,16557,1507870,0,16040934,0,6507
1967,Santander,1148173,1048450,469599,7590,132561,0,2806373,0,2521
1967,Sevilla,785655,993469,651312,2676,57297,28599,2519008,0,1884
1967,Tarragona,2100268,1314151,545359,3490,42871,180527,4186666,0,2323
1967,Valencia,801974,1363363,1154823,918,62255,0,3383333,0,4327
1967,Vigo,379170,203377,213710,152395,300893,188940,1438485,0,1734
1967,Vilagarcía,6612,29950,85847,2053,0,85001,209463,0,2687
1966,A Coruña,4218362,424480,117949,85974,242030,2989,5091784,0,1688
1966,Alicante,206418,307456,536552,9254,42452,0,1102132,0,1971
1966,Almería-Motril,170315,1083912,115320,5477,40662,0,1415686,0,849
1966,Avilés,3062,2729104,1039797,6556,42117,53,3820689,0,2690
1966,Bahía de Algeciras,299308,2888,186835,50440,87964,0,627435,0,4039
1966,Bahía de Cádiz,0,97077,299738,43624,217664,1639,659742,0,1848
1966,Baleares,345746,351730,617212,2499,94361,0,1411548,0,4305
1966,Barcelona,2402000,2093000,2465039,6985,212283,0,7179307,0,7491
1966,Bilbao,1082102,3811818,2241839,4365,264126,518454,7922704,0,6504
1966,C.A.G.P,140963,2396148,1412136,286375,265833,25013,4526468,0,13298
1966,Cartagena,10132348,788828,291735,2091,256734,53386,11525122,0,2677
1966,Castellón,148053,95843,187304,6118,13688,0,451006,0,522
1966,Ceuta ,779020,18609,137705,4153,888950,0,1828437,0,6461
1966,Ferrol-S. Cibrao  ,49074,158984,164947,16739,42101,26596,458441,0,888
1966,Gijón,377712,2527884,298381,7742,86278,0,3297997,0,4110
1966,Huelva,344615,2130823,107816,51528,196168,16047,2846997,0,951
1966,Las Palmas,2101982,187184,1255904,116481,2479573,0,6141124,0,7818
1966,Málaga,2269287,465597,255407,16743,97862,0,3104896,0,2348
1966,Marín y Ría de Pontevedra,23972,91078,106969,11397,85900,296076,615392,0,479
1966,Melilla,27350,899745,155542,7914,19495,0,1110046,0,1236
1966,Pasaia,573097,844815,1051629,91360,170290,0,2731191,0,3007
1966,Puerto Sta. María,0,138654,45083,9264,30846,1660,225507,0,384
1966,San Esteban de Pravia,0,516228,1460,1237,11044,0,529969,0,910
1966,Santa Cruz de Tenerife,11513095,267102,1100815,19667,1234775,0,14135454,0,6019
1966,Santander,833696,1053948,379434,10863,126081,0,2404022,0,2448
1966,Sevilla,776058,1123728,498168,1446,65477,29756,2494633,0,1859
1966,Tarragona,1614595,1364370,424534,2700,47905,42579,3496683,0,2175
1966,Valencia,732097,1238902,1170722,989,65474,0,3208184,0,4274
1966,Vigo,323094,182178,211948,136178,313940,108657,1275995,0,1631
1966,Vilagarcía,4898,29184,77518,3680,0,85233,200513,0,389
1965,A Coruña,3592453,501365,182723,87942,267696,2390,4634569,0,1691
1965,Alicante,190878,365646,718584,9074,44564,0,1328746,0,2047
1965,Almería-Motril,175875,1250199,149997,7703,14256,0,1598030,0,1008
1965,Avilés,3998,2928322,1026012,6780,37633,24755,4027500,0,2778
1965,Bahía de Algeciras,290802,2352,170414,51817,211195,0,726580,0,4232
1965,Bahía de Cádiz,0,71446,256970,46878,219449,4110,598853,0,1783
1965,Baleares,229713,289042,568037,2358,86892,0,1176042,0,4094
1965,Barcelona,2129769,2198379,2378633,5969,251284,0,6964034,0,7295
1965,Bilbao,905512,3740755,2078429,4642,231946,690088,7651372,0,6934
1965,C.A.G.P,95608,2367460,1678472,313016,228706,28257,4711519,0,13834
1965,Cartagena,9342295,533231,478957,2731,315665,0,10672879,0,2625
1965,Castellón,64992,91184,96252,6209,10718,0,269355,0,395
1965,Ceuta ,785251,15878,126756,3566,943443,0,1874894,0,6331
1965,Ferrol-S. Cibrao  ,49774,308885,166110,14606,36340,37593,613308,0,877
1965,Gijón,303263,2541837,421494,7056,107711,0,3381361,0,4831
1965,Huelva,569235,2329231,84685,44461,218636,21292,3267540,0,1027
1965,Las Palmas,1876616,176587,1151894,238161,2413662,0,5856920,0,7534
1965,Málaga,897140,503051,361260,19559,95117,0,1876127,0,2351
1965,Marín y Ría de Pontevedra,2375,86122,123930,12354,60364,161501,446646,0,512
1965,Melilla,23114,995425,128023,8137,14087,0,1168786,0,1263
1965,Pasaia,453501,838683,1073893,80809,161854,0,2608740,0,3025
1965,Puerto Sta. María,0,121119,42906,7858,27462,4463,203808,0,418
1965,San Esteban de Pravia,0,726245,2563,841,22295,0,751944,0,1131
1965,Santa Cruz de Tenerife,11034989,330509,1149842,23934,1252183,0,13791457,0,6795
1965,Santander,764255,1068759,526545,11573,115519,30260,2516911,0,2793
1965,Sevilla,677759,1132458,534975,981,66748,27756,2440677,0,1905
1965,Tarragona,695243,1123903,427654,3373,59059,0,2309232,0,2214
1965,Valencia,1004074,1121488,1209633,1233,59535,0,3395963,0,4276
1965,Vigo,289127,104762,264795,138158,353571,85864,1236277,0,1661
1965,Vilagarcía,2153,35252,110528,2262,0,80694,230889,0,486
1964,A Coruña,2713338,780473,179352,85120,279161,3443,4040887,0,1673
1964,Alicante,137166,452887,478900,9465,40836,0,1119254,0,1840
1964,Almería-Motril,161851,930703,87410,8284,10272,0,1198520,0,944
1964,Avilés,4956,2526804,938952,10046,55963,1874,3538595,0,3147
1964,Bahía de Algeciras,174760,2535,132549,40960,66445,0,417249,0,4001
1964,Bahía de Cádiz,0,69867,287166,41158,239125,4857,642173,0,1838
1964,Baleares,197991,331241,511093,2236,87284,0,1129845,0,3617
1964,Barcelona,1511450,1840358,2312921,3956,230634,0,5899319,0,6539
1964,Bilbao,713695,3473907,1423607,2958,162715,773065,6549947,0,6525
1964,C.A.G.P,68058,2509316,1442594,278060,175639,34973,4508640,0,13980
1964,Cartagena,9994615,674490,330894,1790,367455,0,11369244,0,2669
1964,Castellón,0,89790,66065,10052,10150,0,176057,0,392
1964,Ceuta ,815453,19500,121364,3549,1001747,0,1961613,0,6163
1964,Ferrol-S. Cibrao  ,12131,255487,160990,16126,19374,31327,495435,0,733
1964,Gijón,243535,2501366,420327,9071,98257,0,3272556,0,5036
1964,Huelva,399254,2347760,59417,40229,206661,22204,3075525,0,952
1964,Las Palmas,2008587,206557,1085921,178298,2396494,0,5875857,0,7695
1964,Málaga,274138,406221,473960,19738,79125,0,1253182,0,2161
1964,Marín y Ría de Pontevedra,0,91260,98412,16152,62687,66841,335352,0,493
1964,Melilla,23102,1079115,121500,7014,16148,0,1246879,0,1246
1964,Pasaia,407892,877725,785521,76408,130041,0,2277587,0,2838
1964,Puerto Sta. María,0,87200,52855,6981,33807,4857,185700,0,410
1964,San Esteban de Pravia,0,852933,4666,1183,26004,0,884786,0,1317
1964,Santa Cruz de Tenerife,9307500,317932,1132013,22759,1210367,0,11990571,0,6603
1964,Santander,644018,1149220,439034,9846,110355,0,2352473,0,2720
1964,Sevilla,556832,1104687,473014,1108,39104,50184,2224929,0,1912
1964,Tarragona,554080,804959,310415,3546,41029,0,1714029,0,1847
1964,Valencia,960274,971405,1025793,1274,60399,0,3019145,0,3887
1964,Vigo,282069,326472,236527,114697,394896,98546,1453207,0,1612
1964,Vilagarcía,0,27814,123537,800,0,50148,202299,0,528
1963,A Coruña,214904,516587,162740,74088,319120,3598,1291037,0,1451
1963,Alicante,143438,538203,484359,9366,42705,0,1218071,0,1859
1963,Almería-Motril,154720,776230,94917,8455,6828,0,1041150,0,861
1963,Avilés,4461,2571148,719025,8066,66294,238,3369232,0,3137
1963,Bahía de Algeciras,9565,4317,111706,46435,69451,0,241474,0,5122
1963,Bahía de Cádiz,0,112663,273277,42323,240456,2218,670937,0,1891
1963,Baleares,212274,378323,550800,2405,139214,0,1283016,0,3490
1963,Barcelona,1371866,2844300,2272959,3251,233338,0,6725714,0,6308
1963,Bilbao,568366,2280536,1164338,2761,185682,1147775,5349458,0,6123
1963,C.A.G.P,80206,2381056,1323626,239087,163763,96353,4284091,0,12275
1963,Cartagena,10917215,637045,433035,1772,350084,0,12339151,0,2490
1963,Castellón,0,57107,64751,14836,8090,0,144784,0,296
1963,Ceuta ,873945,20446,129503,3835,1022006,0,2049735,0,6324
1963,Ferrol-S. Cibrao  ,0,176554,151961,17820,13660,49118,409113,0,655
1963,Gijón,188785,2719799,462819,7839,177591,0,3556833,0,5084
1963,Huelva,257083,2001406,130639,36809,118176,20903,2565016,0,1016
1963,Las Palmas,1959002,216025,1020146,104532,2348411,0,5648116,0,7480
1963,Málaga,271997,412775,429620,20296,79943,0,1214631,0,2164
1963,Marín y Ría de Pontevedra,0,81325,86094,10374,54736,38125,270654,0,441
1963,Melilla,24769,856755,107394,7106,13854,0,1009878,0,1142
1963,Pasaia,360403,811743,653439,72005,133195,0,2030785,0,2883
1963,Puerto Sta. María,0,62423,36198,6015,32868,2372,139876,0,411
1963,San Esteban de Pravia,0,982178,7405,14557,35687,0,1039827,0,1617
1963,Santa Cruz de Tenerife,8601983,268426,991870,17643,1299437,0,11179359,0,6399
1963,Santander,503505,971524,425166,7107,96656,0,2003958,0,2590
1963,Sevilla,510182,953571,542465,1278,32445,55131,2095072,0,1865
1963,Tarragona,527206,792263,359314,3663,47251,0,1729697,0,1726
1963,Valencia,844410,1024662,1001033,1035,58659,0,2929799,0,3589
1963,Vigo,232497,318184,253798,97364,388969,33199,1324011,0,1614
1963,Vilagarcía,0,25700,118258,21,0,24539,168518,0,534
1962,A Coruña,210180,505071,159106,71917,246628,6463,1199365,0,1587
1962,Alicante,148633,520412,463558,5932,31,0,1138566,0,1952
1962,Almería-Motril,97697,905382,83351,9631,2016,0,1098077,0,988
1962,Avilés,5343,3018542,718288,5711,72515,265,3820664,0,3464
1962,Bahía de Algeciras,17551,4185,94715,49277,62115,0,227843,0,5300
1962,Bahía de Cádiz,0,123129,272422,39730,228190,10572,674043,0,1950
1962,Baleares,0,282349,356527,2431,139689,0,780996,0,3343
1962,Barcelona,1096792,1603781,1707422,2902,207969,0,4618866,0,5932
1962,Bilbao,564108,3567099,1221978,2723,187757,897943,6441608,0,6384
1962,C.A.G.P,38501,2612697,1419854,250202,212419,90932,4624605,0,17017
1962,Cartagena,10016975,482061,355642,1012,374875,0,11230565,0,2764
1962,Castellón,0,61546,46754,10416,4292,0,123008,0,302
1962,Ceuta ,730604,41471,111976,3741,825786,0,1713578,0,5904
1962,Ferrol-S. Cibrao  ,0,132232,149639,13636,13987,39395,348889,0,667
1962,Gijón,153236,2834780,527709,8400,143590,0,3667715,0,5099
1962,Huelva,221872,2146780,126126,40109,140668,27385,2702940,0,981
1962,Las Palmas,1778400,194793,1085484,164514,2367625,0,5590816,0,12100
1962,Málaga,185651,414488,425008,21222,78622,0,1124991,0,2230
1962,Marín y Ría de Pontevedra,0,87192,81529,13109,70336,3159,255325,0,583
1962,Melilla,24961,1150911,97847,7585,17007,0,1298311,0,1157
1962,Pasaia,305430,819221,595359,69041,105902,0,1894953,0,2696
1962,Puerto Sta. María,0,1020915,42317,6201,30448,2861,1102742,0,381
1962,San Esteban de Pravia,0,65195,9384,8326,37119,0,120024,0,1842
1962,Santa Cruz de Tenerife,6770016,243513,1105407,14018,1265376,0,9398330,0,6280
1962,Santander,428350,904852,473905,6930,91432,0,1905469,0,2666
1962,Sevilla,455143,976042,578114,2192,94622,83437,2189550,0,1955
1962,Tarragona,408872,543617,307397,2946,36701,0,1299533,0,1696
1962,Valencia,617613,911795,883771,1040,62035,0,2476254,0,3588
1962,Vigo,283315,445751,256634,85722,366465,30949,1468836,0,1667
1962,Vilagarcía,0,27594,134072,25,0,22824,184515,0,683
